"Submission ID","Last updated","Submission started","Status","Current step","State","What is your gender?"," Have you previously attended NatCon?","Party","How much did your party's platform influence your decision to register in that party?","Have you decided on a presidential ticket?","What is the primary reason you are currently undecided?","Vote","Which of the following reasons would be most likely to change your decisions?","How likely are you to vote for a candidate with a large/active campaign GroupMe?","Rank the following campaign elements from most to least influential in your decision to vote for a candidate.","Which of the following candidate names do you recognize?","Errors","Url","Network ID"
"6db76d2e-d94b-42a4-9495-0ae14291c971","Fri May 16 2025 01:51:00 GMT-0400 (Eastern Daylight Time)","Fri May 16 2025 01:50:00 GMT-0400 (Eastern Daylight Time)","in_progress","Page 3","Nevada","Female ","No","Independent (NatCon Parents, Event Staff)","N/A","No","I am familiar with multiple presidential tickets, but I am waiting to decide until the week of voting","","","","","","None","https://build.fillout.com/editor/tCM39Fdh14us/results?sessionId=6db76d2e-d94b-42a4-9495-0ae14291c971","b6d5dbd96d058741f7a1fd2af7ebf7d5"
"f5ecaaf8-d34f-4df2-90b9-52e77688360b","Thu May 15 2025 22:39:00 GMT-0400 (Eastern Daylight Time)","Thu May 15 2025 22:39:00 GMT-0400 (Eastern Daylight Time)","in_progress","Page 3","Nevada","Male","Yes","Perseverance","A significant amount","Yes","","","","","","","None","https://build.fillout.com/editor/tCM39Fdh14us/results?sessionId=f5ecaaf8-d34f-4df2-90b9-52e77688360b","d76eeeaf9a79e533008d6640e08e5b21"
"91f69a65-c688-45fc-9704-d8429c93dbb4","Thu May 15 2025 21:03:00 GMT-0400 (Eastern Daylight Time)","Thu May 15 2025 21:02:00 GMT-0400 (Eastern Daylight Time)","in_progress","Page 4","Michigan","Male","No","Vision","A significant amount","No","I don't know any candidates","Isaac Powers/Enrique Rodriguez","I had a meaningful personal interaction with another candidate","","","","None","https://build.fillout.com/editor/tCM39Fdh14us/results?sessionId=91f69a65-c688-45fc-9704-d8429c93dbb4","72f5d30dc6899e4120a871dcb23ec269"
"5941e573-de70-4313-9ec4-76e5295fc95a","Thu May 15 2025 20:25:00 GMT-0400 (Eastern Daylight Time)","Thu May 15 2025 20:24:00 GMT-0400 (Eastern Daylight Time)","in_progress","Page 4","Alaska","Male","No","Compassion ","A little bit","No","I don't know any candidates","I don't know any of the candidates
","I had a meaningful personal interaction with another candidate","","","","None","https://build.fillout.com/editor/tCM39Fdh14us/results?sessionId=5941e573-de70-4313-9ec4-76e5295fc95a","26d462cb3105ea48058be97652f235c5"
"1e428d4c-af47-464c-bd45-ba10469e1b86","Thu May 15 2025 19:14:00 GMT-0400 (Eastern Daylight Time)","Thu May 15 2025 19:14:00 GMT-0400 (Eastern Daylight Time)","in_progress","Page 3","Virginia","Male","Yes","Independent (NatCon Parents, Event Staff)","A little bit","No","I don't know any candidates","","","","","","None","https://build.fillout.com/editor/tCM39Fdh14us/results?sessionId=1e428d4c-af47-464c-bd45-ba10469e1b86","8c2c7a94f2eee766d3cfaef442315148"
"b13c82af-7dad-4f57-bb33-cb9ac028dc8e","Thu May 15 2025 17:31:00 GMT-0400 (Eastern Daylight Time)","Thu May 15 2025 17:31:00 GMT-0400 (Eastern Daylight Time)","in_progress","Page 2","Iowa","Female ","Yes","Compassion ","","","","","","","","","None","https://build.fillout.com/editor/tCM39Fdh14us/results?sessionId=b13c82af-7dad-4f57-bb33-cb9ac028dc8e","671df2f50b86790282aa3792d828ba2b"
"8b7c0cb5-3e8d-4620-8e51-3f73789a8841","Thu May 15 2025 16:39:00 GMT-0400 (Eastern Daylight Time)","Thu May 15 2025 16:39:00 GMT-0400 (Eastern Daylight Time)","in_progress","Page 4","Alabama","Male","Yes","Perseverance","A little bit","No","I am familiar with multiple presidential tickets, but I am waiting to decide until the week of voting","Isaac Powers/Enrique Rodriguez","Another candidate impressed me more with their public speaking/debate performance","","","","None","https://build.fillout.com/editor/tCM39Fdh14us/results?sessionId=8b7c0cb5-3e8d-4620-8e51-3f73789a8841","166a26a99a48d4a901ec81ccd504af92"
"a0230e61-f165-42a4-9fe9-b126012ae558","Thu May 15 2025 13:29:00 GMT-0400 (Eastern Daylight Time)","Thu May 15 2025 13:29:00 GMT-0400 (Eastern Daylight Time)","in_progress","Page 3","Wyoming","Female ","No","N/A (Absentee Votes)","None","No","","","","","","","None","https://build.fillout.com/editor/tCM39Fdh14us/results?sessionId=a0230e61-f165-42a4-9fe9-b126012ae558","0b969af42c307fd02bcf40255d4a89f9"
"01b860fd-7bdd-4433-afa2-745f15e39cc3","Thu May 15 2025 12:59:00 GMT-0400 (Eastern Daylight Time)","Thu May 15 2025 12:59:00 GMT-0400 (Eastern Daylight Time)","in_progress","Page 2","Georgia","Female ","Yes","Perseverance","","","","","","","","","None","https://build.fillout.com/editor/tCM39Fdh14us/results?sessionId=01b860fd-7bdd-4433-afa2-745f15e39cc3","4d2c43aea533beb50a43fef04b03775f"
"7c2534d5-c0a2-4ba0-95b6-0b9d44a1dcf2","Thu May 15 2025 07:33:00 GMT-0400 (Eastern Daylight Time)","Thu May 15 2025 07:33:00 GMT-0400 (Eastern Daylight Time)","in_progress","Page 2","Kentucky","Male","Yes","Perseverance","","","","","","","","","None","https://build.fillout.com/editor/tCM39Fdh14us/results?sessionId=7c2534d5-c0a2-4ba0-95b6-0b9d44a1dcf2","ba2b1fd833de7a7b88b091877385385a"
"ceca2cdd-c1a7-4c85-9ebd-42694cb8a1cf","Wed May 14 2025 21:14:00 GMT-0400 (Eastern Daylight Time)","Wed May 14 2025 21:14:00 GMT-0400 (Eastern Daylight Time)","in_progress","Page 2","Florida","Female ","Yes","N/A (Absentee Votes)","","","","","","","","","None","https://build.fillout.com/editor/tCM39Fdh14us/results?sessionId=ceca2cdd-c1a7-4c85-9ebd-42694cb8a1cf","fb41b5694b2562d84d61bc68e547ae23"
"cd79e6b0-6100-45e6-b41f-43a43926534d","Wed May 14 2025 20:25:00 GMT-0400 (Eastern Daylight Time)","Wed May 14 2025 20:24:00 GMT-0400 (Eastern Daylight Time)","in_progress","Page 4","North Dakota","Female ","Yes","Perseverance","A little bit","No","I have a personal relationship with multiple presidential tickets","Clark Bigler/Grace Franklin","I had a meaningful personal interaction with another candidate","","","","None","https://build.fillout.com/editor/tCM39Fdh14us/results?sessionId=cd79e6b0-6100-45e6-b41f-43a43926534d","4815f0acdbda8f89943e0862110a671b"
"044d867f-48bd-472b-accf-daf6b853ef0f","Wed May 14 2025 19:58:00 GMT-0400 (Eastern Daylight Time)","Wed May 14 2025 19:57:00 GMT-0400 (Eastern Daylight Time)","in_progress","Page 4","South Dakota","Male","Yes","Perseverance","A little bit","No","I am familiar with multiple presidential tickets, but I am waiting to decide until the week of voting","Will Sox/Simeon Paolicelli ","Another candidate impressed me more with their public speaking/debate performance","","","","None","https://build.fillout.com/editor/tCM39Fdh14us/results?sessionId=044d867f-48bd-472b-accf-daf6b853ef0f","500b48e57d86d883249b5966b16b38e9"
"18226547-109e-45a8-8b37-e6dbec55d33d","Wed May 14 2025 19:53:00 GMT-0400 (Eastern Daylight Time)","Wed May 14 2025 19:53:00 GMT-0400 (Eastern Daylight Time)","in_progress","Page 3","Wisconsin","Male","No","Perseverance","A significant amount","No","I have a personal relationship with multiple presidential tickets","","","","","","None","https://build.fillout.com/editor/tCM39Fdh14us/results?sessionId=18226547-109e-45a8-8b37-e6dbec55d33d","8dcfcec00f141b37333d63c7aaabfd11"
"78761476-fa2b-4fcb-9d03-61a8a06d8c69","Wed May 14 2025 19:30:00 GMT-0400 (Eastern Daylight Time)","Wed May 14 2025 19:30:00 GMT-0400 (Eastern Daylight Time)","in_progress","Page 4","Maryland","Male","No","Compassion ","A little bit","No","I have a personal relationship with multiple presidential tickets","Geb Mckee/Porter Greenblatt","Another candidate impressed me more with their public speaking/debate performance","","","","None","https://build.fillout.com/editor/tCM39Fdh14us/results?sessionId=78761476-fa2b-4fcb-9d03-61a8a06d8c69","0f86c28e79c21d2b71d71ab7b8d431d3"
"f1dc7922-ffa8-48d1-bef9-3b273b9a0ddd","Wed May 14 2025 19:16:00 GMT-0400 (Eastern Daylight Time)","Wed May 14 2025 19:15:00 GMT-0400 (Eastern Daylight Time)","in_progress","Page 4","Michigan","Female ","No","N/A (Absentee Votes)","N/A","Yes","","Evan Duncan/Joy Southerland ","I had a meaningful personal interaction with another candidate","","","","None","https://build.fillout.com/editor/tCM39Fdh14us/results?sessionId=f1dc7922-ffa8-48d1-bef9-3b273b9a0ddd","b0217dbebeda5792c3a03bf9b6bda6cb"
"765dff6f-f1ab-4b30-995d-191e5ab3ea93","Wed May 14 2025 18:57:00 GMT-0400 (Eastern Daylight Time)","Wed May 14 2025 18:56:00 GMT-0400 (Eastern Daylight Time)","in_progress","Page 3","Virginia","Male","Yes","Independent (NatCon Parents, Event Staff)","N/A","No","I have a personal relationship with multiple presidential tickets","","","","","","None","https://build.fillout.com/editor/tCM39Fdh14us/results?sessionId=765dff6f-f1ab-4b30-995d-191e5ab3ea93","27dbe529678ebe3f8fd43b8f52f3dc36"
"0ff64b3c-05b2-406f-ae42-86b9ba9d54fe","Wed May 14 2025 18:06:00 GMT-0400 (Eastern Daylight Time)","Wed May 14 2025 18:06:00 GMT-0400 (Eastern Daylight Time)","in_progress","Page 3","Connecticut","Male","No","Vision","A little bit","No","I don't know any candidates","","","","","","None","https://build.fillout.com/editor/tCM39Fdh14us/results?sessionId=0ff64b3c-05b2-406f-ae42-86b9ba9d54fe","8a7202954b82e2295f28f92494c81a7f"
"ee4726bd-7c6a-4183-8785-385b254fc5cc","Wed May 14 2025 17:10:00 GMT-0400 (Eastern Daylight Time)","Wed May 14 2025 17:10:00 GMT-0400 (Eastern Daylight Time)","in_progress","Page 2","California","Female ","No","N/A (Absentee Votes)","","","","","","","","","None","https://build.fillout.com/editor/tCM39Fdh14us/results?sessionId=ee4726bd-7c6a-4183-8785-385b254fc5cc","b5917f593c8da354811e1532df2f3301"
"dae60013-7353-40e2-a1f0-a76fbd8a82c7","Wed May 14 2025 17:02:00 GMT-0400 (Eastern Daylight Time)","Wed May 14 2025 17:02:00 GMT-0400 (Eastern Daylight Time)","in_progress","Page 2","Iowa","Female ","No","Perseverance","","","","","","","","","None","https://build.fillout.com/editor/tCM39Fdh14us/results?sessionId=dae60013-7353-40e2-a1f0-a76fbd8a82c7","c0368cc7bc1001be3c0a19abcf65804a"
"a04ed2a6-b9f8-4622-9bba-fab5f0f08c1a","Wed May 14 2025 16:57:00 GMT-0400 (Eastern Daylight Time)","Wed May 14 2025 16:56:00 GMT-0400 (Eastern Daylight Time)","in_progress","Page 3","Arkansas","Female ","Yes","Perseverance","None","No","I am familiar with multiple presidential tickets, but I am waiting to decide until the week of voting","","","","","","None","https://build.fillout.com/editor/tCM39Fdh14us/results?sessionId=a04ed2a6-b9f8-4622-9bba-fab5f0f08c1a","158faf33bdb1aa57e8af2bdfc0c9e036"
"74f02fa0-b1ca-4e39-8fec-9daaa8130733","Wed May 14 2025 16:30:00 GMT-0400 (Eastern Daylight Time)","Wed May 14 2025 16:30:00 GMT-0400 (Eastern Daylight Time)","in_progress","Page 2","Florida","Female ","Yes","N/A (Absentee Votes)","","","","","","","","","None","https://build.fillout.com/editor/tCM39Fdh14us/results?sessionId=74f02fa0-b1ca-4e39-8fec-9daaa8130733","f65354ab4e4053f4dde8a299d9249036"
"54a5ba03-c885-4f22-874e-c573f907ae35","Wed May 14 2025 15:38:00 GMT-0400 (Eastern Daylight Time)","Wed May 14 2025 15:38:00 GMT-0400 (Eastern Daylight Time)","in_progress","Page 3","Louisiana","Female ","Yes","Independent (NatCon Parents, Event Staff)","N/A","No","I am familiar with multiple presidential tickets, but I am waiting to decide until the week of voting","","","","","","None","https://build.fillout.com/editor/tCM39Fdh14us/results?sessionId=54a5ba03-c885-4f22-874e-c573f907ae35","06400f032b87a0aa787ba3b985f893ab"
"b2219351-579c-43aa-a7be-54b2083d0a47","Wed May 14 2025 15:20:00 GMT-0400 (Eastern Daylight Time)","Wed May 14 2025 15:19:00 GMT-0400 (Eastern Daylight Time)","in_progress","Page 4","Kentucky","Female ","Yes","N/A (Absentee Votes)","A significant amount","No","I am familiar with multiple presidential tickets, but I am waiting to decide until the week of voting","Evan Duncan/Joy Southerland ","Another candidate impressed me more with their public speaking/debate performance","","","","None","https://build.fillout.com/editor/tCM39Fdh14us/results?sessionId=b2219351-579c-43aa-a7be-54b2083d0a47","a84039d8c5cd2a60a76e02f8f9d3eb41"
"5007c79e-5e91-4778-a1a8-31e0df84710c","Wed May 14 2025 15:11:00 GMT-0400 (Eastern Daylight Time)","Wed May 14 2025 15:10:00 GMT-0400 (Eastern Daylight Time)","in_progress","Page 4","South Dakota","Female ","Yes","Independent (NatCon Parents, Event Staff)","N/A","No","I am familiar with multiple presidential tickets, but I am waiting to decide until the week of voting","Evan Duncan/Joy Southerland ","Another candidate impressed me more with their public speaking/debate performance","","","","None","https://build.fillout.com/editor/tCM39Fdh14us/results?sessionId=5007c79e-5e91-4778-a1a8-31e0df84710c","f69def4d65e81b833f63a0071565879e"
"db670e49-91fe-4af3-8842-997f1a6bff68","Wed May 14 2025 14:36:00 GMT-0400 (Eastern Daylight Time)","Wed May 14 2025 14:36:00 GMT-0400 (Eastern Daylight Time)","in_progress","Page 2","Alabama","Female ","No","Independent (NatCon Parents, Event Staff)","","","","","","","","","None","https://build.fillout.com/editor/tCM39Fdh14us/results?sessionId=db670e49-91fe-4af3-8842-997f1a6bff68","5ba19c9797888a30c662f50b0f624a59"
"9267db1a-fa4c-4fdc-9fa0-9180d413cbdc","Wed May 14 2025 14:21:00 GMT-0400 (Eastern Daylight Time)","Wed May 14 2025 14:15:00 GMT-0400 (Eastern Daylight Time)","in_progress","Page 4","South Dakota","Female ","Yes","Perseverance","Main factor in my registration decision","Yes","","Clark Bigler/Grace Franklin","I had a meaningful personal interaction with another candidate","","","","None","https://build.fillout.com/editor/tCM39Fdh14us/results?sessionId=9267db1a-fa4c-4fdc-9fa0-9180d413cbdc","6f06ed3b1aecfbd0d9abf72f282d0ecd"
"f958f5e9-3087-4a8b-a342-6695b2af5b36","Wed May 14 2025 14:12:00 GMT-0400 (Eastern Daylight Time)","Wed May 14 2025 14:11:00 GMT-0400 (Eastern Daylight Time)","in_progress","Page 3","Louisiana","Female ","Yes","Independent (NatCon Parents, Event Staff)","N/A","No","I have a personal relationship with multiple presidential tickets","","","","","","None","https://build.fillout.com/editor/tCM39Fdh14us/results?sessionId=f958f5e9-3087-4a8b-a342-6695b2af5b36","06400f032b87a0aa787ba3b985f893ab"
"8ad5f6f6-7bdc-412a-a38e-a429f44875e8","Wed May 14 2025 14:06:00 GMT-0400 (Eastern Daylight Time)","Wed May 14 2025 14:06:00 GMT-0400 (Eastern Daylight Time)","in_progress","Page 2","Maryland","Male","No","Perseverance","","","","","","","","","None","https://build.fillout.com/editor/tCM39Fdh14us/results?sessionId=8ad5f6f6-7bdc-412a-a38e-a429f44875e8","6464584ad9daeb0765d85bb055e5339a"
"51fed2b4-c4fd-4a19-bec2-035877070759","Wed May 14 2025 14:00:00 GMT-0400 (Eastern Daylight Time)","Wed May 14 2025 13:59:00 GMT-0400 (Eastern Daylight Time)","in_progress","Page 3","Wisconsin","Male","Yes","Vision","None","Yes","","","","","","","None","https://build.fillout.com/editor/tCM39Fdh14us/results?sessionId=51fed2b4-c4fd-4a19-bec2-035877070759","45ff182f581bc105211d3c590696d3c6"
"94aba2de-f458-4144-938a-5ed26fc05313","Wed May 14 2025 13:50:00 GMT-0400 (Eastern Daylight Time)","Wed May 14 2025 13:50:00 GMT-0400 (Eastern Daylight Time)","in_progress","Page 3","Illinois","Female ","No","Vision","None","No","I don't know any candidates","","","","","","None","https://build.fillout.com/editor/tCM39Fdh14us/results?sessionId=94aba2de-f458-4144-938a-5ed26fc05313","6651268a60232efcc4ed430dc111050a"
"ca2aaa4c-d3c4-4deb-bf11-1ec07f1f90c5","Wed May 14 2025 13:28:00 GMT-0400 (Eastern Daylight Time)","Wed May 14 2025 13:27:00 GMT-0400 (Eastern Daylight Time)","in_progress","Page 4","Missouri","Male","No","Vision","A little bit","Yes","","Jed Sicilia/Marie Timmons","Another candidate impressed me more with their public speaking/debate performance","","","","None","https://build.fillout.com/editor/tCM39Fdh14us/results?sessionId=ca2aaa4c-d3c4-4deb-bf11-1ec07f1f90c5","27ac285c6cc56d3b351e749d3442ac01"
"df990d01-3ac9-4be0-869f-2fd17f5f2e8f","Wed May 14 2025 13:24:00 GMT-0400 (Eastern Daylight Time)","Wed May 14 2025 13:23:00 GMT-0400 (Eastern Daylight Time)","in_progress","Page 3","Texas","Female ","Yes","Independent (NatCon Parents, Event Staff)","N/A","No","I am familiar with multiple presidential tickets, but I am waiting to decide until the week of voting","","","","","","None","https://build.fillout.com/editor/tCM39Fdh14us/results?sessionId=df990d01-3ac9-4be0-869f-2fd17f5f2e8f","a85c11c7690b853c9638c41567c4a7fe"
"d1795319-c606-4b62-b4e4-716ad3ef1056","Wed May 14 2025 13:12:00 GMT-0400 (Eastern Daylight Time)","Wed May 14 2025 13:11:00 GMT-0400 (Eastern Daylight Time)","in_progress","Page 4","Alabama","Male","No","Vision","A significant amount","No","I am familiar with multiple presidential tickets, but I am waiting to decide until the week of voting","Micah Carr/AnnaCatherine Hammett","Another candidate impressed me more with their public speaking/debate performance","","","","None","https://build.fillout.com/editor/tCM39Fdh14us/results?sessionId=d1795319-c606-4b62-b4e4-716ad3ef1056","b205112b9a4f3bd0b6552a5b24f9b60a"
"a1fa5ca1-25bd-4900-9971-e4036be3d8e5","Wed May 14 2025 13:05:00 GMT-0400 (Eastern Daylight Time)","Wed May 14 2025 13:05:00 GMT-0400 (Eastern Daylight Time)","in_progress","Page 2","Utah","Male","No","Perseverance","","","","","","","","","None","https://build.fillout.com/editor/tCM39Fdh14us/results?sessionId=a1fa5ca1-25bd-4900-9971-e4036be3d8e5","47eb4f231093a5a1a41c7e6ea36d4358"
"60d0999e-e2e7-45cf-a037-476bc921861a","Wed May 14 2025 12:49:00 GMT-0400 (Eastern Daylight Time)","Wed May 14 2025 12:48:00 GMT-0400 (Eastern Daylight Time)","in_progress","Page 4","Tennessee","Female ","Yes","Compassion ","N/A","No","I am familiar with multiple presidential tickets, but I am waiting to decide until the week of voting","Clark Bigler/Grace Franklin","Another candidate impressed me more with their public speaking/debate performance","","","","None","https://build.fillout.com/editor/tCM39Fdh14us/results?sessionId=60d0999e-e2e7-45cf-a037-476bc921861a","f942787d79939a3b0d7843b98b812527"
"f5585831-6509-4397-9d7e-789895c5940e","Wed May 14 2025 12:46:00 GMT-0400 (Eastern Daylight Time)","Wed May 14 2025 12:45:00 GMT-0400 (Eastern Daylight Time)","in_progress","Page 4","Maine","Male","Yes","Vision","A little bit","No","I am familiar with multiple presidential tickets, but I am waiting to decide until the week of voting","Clark Bigler/Grace Franklin","Another candidate convinced me of their vision for TeenPact through their message","","","","None","https://build.fillout.com/editor/tCM39Fdh14us/results?sessionId=f5585831-6509-4397-9d7e-789895c5940e","6f06ed3b1aecfbd0d9abf72f282d0ecd"
"b1208ed0-729a-4077-8e87-4928da7b6ced","Wed May 14 2025 12:45:00 GMT-0400 (Eastern Daylight Time)","Wed May 14 2025 12:43:00 GMT-0400 (Eastern Daylight Time)","in_progress","Page 4","South Dakota","Female ","Yes","Perseverance","A significant amount","No","I am familiar with multiple presidential tickets, but I am waiting to decide until the week of voting","I don't know any of the candidates
","Another candidate impressed me more with their public speaking/debate performance","","","","None","https://build.fillout.com/editor/tCM39Fdh14us/results?sessionId=b1208ed0-729a-4077-8e87-4928da7b6ced","c2986a9b80780a62a668b484880ef913"
"97d1fa33-d21f-4b1c-9ad4-e5a27c0c48ce","Wed May 14 2025 12:36:00 GMT-0400 (Eastern Daylight Time)","Wed May 14 2025 12:35:00 GMT-0400 (Eastern Daylight Time)","in_progress","Page 4","Tennessee","Male","Yes","Vision","None","No","I don't know any candidates","Clark Bigler/Grace Franklin","I had a meaningful personal interaction with another candidate","","","","None","https://build.fillout.com/editor/tCM39Fdh14us/results?sessionId=97d1fa33-d21f-4b1c-9ad4-e5a27c0c48ce","8cb9233438baa9947a953b0009274cf9"
"fcac3c76-7727-44cd-8ab5-d41cf05dd125","Wed May 14 2025 12:12:00 GMT-0400 (Eastern Daylight Time)","Wed May 14 2025 12:06:00 GMT-0400 (Eastern Daylight Time)","in_progress","Page 3","Ohio","Female ","Yes","Vision","A little bit","No","I don't know any candidates","Clark Bigler/Grace Franklin","Another candidate impressed me more with their public speaking/debate performance","","","","None","https://build.fillout.com/editor/tCM39Fdh14us/results?sessionId=fcac3c76-7727-44cd-8ab5-d41cf05dd125","eb7c5a32a1a2ff036ef2ee956dfbe890"
"72b81ff1-900f-4016-8ebe-0b5ed5203470","Wed May 14 2025 12:03:00 GMT-0400 (Eastern Daylight Time)","Wed May 14 2025 11:56:00 GMT-0400 (Eastern Daylight Time)","in_progress","Page 4","Pennsylvania","Female ","No","N/A (Absentee Votes)","A little bit","No","I don't know any candidates","I don't know any of the candidates
","Another candidate convinced me of their vision for TeenPact through their message","","","","None","https://build.fillout.com/editor/tCM39Fdh14us/results?sessionId=72b81ff1-900f-4016-8ebe-0b5ed5203470","798cf6e08515f18223715c54d3fc0985"
"3190248c-cf25-4ec6-8153-8c5962790ee5","Wed May 14 2025 11:53:00 GMT-0400 (Eastern Daylight Time)","Wed May 14 2025 11:53:00 GMT-0400 (Eastern Daylight Time)","in_progress","Page 4","Georgia","Male","Yes","Vision","A little bit","Yes","","Clark Bigler/Grace Franklin","Another candidate convinced me of their vision for TeenPact through their message","","","","None","https://build.fillout.com/editor/tCM39Fdh14us/results?sessionId=3190248c-cf25-4ec6-8153-8c5962790ee5","6f06ed3b1aecfbd0d9abf72f282d0ecd"
"7a45cee7-8116-41f5-9982-2fb1ec0a3bbd","Wed May 14 2025 11:20:00 GMT-0400 (Eastern Daylight Time)","Wed May 14 2025 11:19:00 GMT-0400 (Eastern Daylight Time)","in_progress","Page 4","Florida","Male","No","Perseverance","A little bit","No","I have a personal relationship with multiple presidential tickets","Jacob Redd/Caleb Sartor","I had a meaningful personal interaction with another candidate","","","","None","https://build.fillout.com/editor/tCM39Fdh14us/results?sessionId=7a45cee7-8116-41f5-9982-2fb1ec0a3bbd","f5a2eb9404c5ff3308db5feaf6f7bce9"
"72a579ab-0855-479c-82b8-4988cf6dcdf7","Wed May 14 2025 11:10:00 GMT-0400 (Eastern Daylight Time)","Wed May 14 2025 11:09:00 GMT-0400 (Eastern Daylight Time)","in_progress","Page 3","Illinois","Female ","No","Perseverance","A little bit","Yes","","","","","","","None","https://build.fillout.com/editor/tCM39Fdh14us/results?sessionId=72a579ab-0855-479c-82b8-4988cf6dcdf7","e498d2cf4777150cedcc621b63c71cdb"
"e42646f5-6125-4067-87cc-24717be36a75","Wed May 14 2025 11:03:00 GMT-0400 (Eastern Daylight Time)","Wed May 14 2025 11:02:00 GMT-0400 (Eastern Daylight Time)","in_progress","Page 3","Maryland","Female ","No","Compassion ","None","No","I don't know any candidates","","","","","","None","https://build.fillout.com/editor/tCM39Fdh14us/results?sessionId=e42646f5-6125-4067-87cc-24717be36a75","5f810762ae4bb4280aa8eae3164098da"
"9f6f885b-e82d-4f09-8b83-dc07594d99a0","Wed May 14 2025 10:42:00 GMT-0400 (Eastern Daylight Time)","Wed May 14 2025 10:42:00 GMT-0400 (Eastern Daylight Time)","in_progress","Page 3","Maine","Female ","No","N/A (Absentee Votes)","N/A","No","I don't know any candidates","","","","","","None","https://build.fillout.com/editor/tCM39Fdh14us/results?sessionId=9f6f885b-e82d-4f09-8b83-dc07594d99a0","e731ecfcd077e39552625903e908c2b2"
"cce6ad1e-5f14-4340-b26c-98e2e88ae537","Wed May 14 2025 10:22:00 GMT-0400 (Eastern Daylight Time)","Wed May 14 2025 10:22:00 GMT-0400 (Eastern Daylight Time)","in_progress","Page 3","Mississippi","Female ","No","N/A (Absentee Votes)","N/A","Yes","","","","","","","None","https://build.fillout.com/editor/tCM39Fdh14us/results?sessionId=cce6ad1e-5f14-4340-b26c-98e2e88ae537","487622f1618ef769e0d43c4c84bcd1ea"
"bde67ec0-b85b-44ac-ac0e-e428b33989fb","Wed May 14 2025 09:42:00 GMT-0400 (Eastern Daylight Time)","Wed May 14 2025 09:41:00 GMT-0400 (Eastern Daylight Time)","in_progress","Page 4","Indiana","Female ","Yes","N/A (Absentee Votes)","N/A","No","I am familiar with multiple presidential tickets, but I am waiting to decide until the week of voting","Evan Duncan/Joy Southerland ","Another candidate impressed me more with their public speaking/debate performance","","","","None","https://build.fillout.com/editor/tCM39Fdh14us/results?sessionId=bde67ec0-b85b-44ac-ac0e-e428b33989fb","bc0c9eb992517347b229da559067549a"
"f8002006-7cca-41ee-b9b6-4638dd168f6e","Wed May 14 2025 09:41:00 GMT-0400 (Eastern Daylight Time)","Wed May 14 2025 09:41:00 GMT-0400 (Eastern Daylight Time)","in_progress","Page 2","Colorado","Male","No","Perseverance","","","","","","","","","None","https://build.fillout.com/editor/tCM39Fdh14us/results?sessionId=f8002006-7cca-41ee-b9b6-4638dd168f6e","f71e2df014041900509929c2176bb6ca"
"5b223ec4-1fd6-43ba-9a89-75a3174f04f7","Wed May 14 2025 07:47:00 GMT-0400 (Eastern Daylight Time)","Wed May 14 2025 07:46:00 GMT-0400 (Eastern Daylight Time)","in_progress","Page 4","Texas","Female ","No","N/A (Absentee Votes)","N/A","No","I don't know any candidates","Jacob Redd/Caleb Sartor","Another candidate impressed me more with their social media/online presence","","","","None","https://build.fillout.com/editor/tCM39Fdh14us/results?sessionId=5b223ec4-1fd6-43ba-9a89-75a3174f04f7","ef65f1228e19f0eff542c1198beed9f5"
"81a03a49-3485-46e6-9ac8-bd6794b6dcaa","Wed May 14 2025 07:24:00 GMT-0400 (Eastern Daylight Time)","Wed May 14 2025 07:23:00 GMT-0400 (Eastern Daylight Time)","in_progress","Page 4","North Carolina","Male","Yes","Compassion ","None","Yes","","Joseph Jackson/Nate Verboncoeur","I had a meaningful personal interaction with another candidate","","","","None","https://build.fillout.com/editor/tCM39Fdh14us/results?sessionId=81a03a49-3485-46e6-9ac8-bd6794b6dcaa","99e7af6fa560fea65346177dd4da7045"
"01f88ada-4b02-4da5-8c98-b7967e4914cf","Tue May 13 2025 23:41:00 GMT-0400 (Eastern Daylight Time)","Tue May 13 2025 23:41:00 GMT-0400 (Eastern Daylight Time)","in_progress","Page 2","Oregon","Female ","No","N/A (Absentee Votes)","","","","","","","","","None","https://build.fillout.com/editor/tCM39Fdh14us/results?sessionId=01f88ada-4b02-4da5-8c98-b7967e4914cf","1800985e9638f949f0563ea2b4b46e4f"
"3ee386bc-6256-4078-b3c9-d7bb6bfaba4a","Tue May 13 2025 23:30:00 GMT-0400 (Eastern Daylight Time)","Tue May 13 2025 23:29:00 GMT-0400 (Eastern Daylight Time)","in_progress","Page 4","South Carolina","Female ","No","Independent (NatCon Parents, Event Staff)","N/A","No","I don't know any candidates","I don't know any of the candidates
","Another candidate impressed me more with their social media/online presence","","","","None","https://build.fillout.com/editor/tCM39Fdh14us/results?sessionId=3ee386bc-6256-4078-b3c9-d7bb6bfaba4a","a229c32cff619e7f67fd306324600416"
"66e4fbeb-149b-4409-bf11-fcd9e5f3e436","Tue May 13 2025 23:27:00 GMT-0400 (Eastern Daylight Time)","Tue May 13 2025 23:26:00 GMT-0400 (Eastern Daylight Time)","in_progress","Page 4","Alabama","Female ","No","Perseverance","A significant amount","Yes","","Isaac Stevens/Chesed Vess","I had a meaningful personal interaction with another candidate","","","","None","https://build.fillout.com/editor/tCM39Fdh14us/results?sessionId=66e4fbeb-149b-4409-bf11-fcd9e5f3e436","ce5d8313606aa584531a0da40fc54339"
"ddc1b961-7008-4da9-93cd-4d4691e154b8","Tue May 13 2025 23:13:00 GMT-0400 (Eastern Daylight Time)","Tue May 13 2025 23:13:00 GMT-0400 (Eastern Daylight Time)","in_progress","Page 3","South Carolina","Male","Yes","Perseverance","Main factor in my registration decision","Yes","","","","","","","None","https://build.fillout.com/editor/tCM39Fdh14us/results?sessionId=ddc1b961-7008-4da9-93cd-4d4691e154b8","82f09f94f7478b1c5d6819b519e931be"
"f0f67c86-825c-4f51-bc45-e41a54a67bc6","Tue May 13 2025 23:08:00 GMT-0400 (Eastern Daylight Time)","Tue May 13 2025 23:07:00 GMT-0400 (Eastern Daylight Time)","in_progress","Page 4","Idaho","Male","Yes","Independent (NatCon Parents, Event Staff)","None","No","I have a personal relationship with multiple presidential tickets","Will Sox/Simeon Paolicelli ","I had a meaningful personal interaction with another candidate","","","","None","https://build.fillout.com/editor/tCM39Fdh14us/results?sessionId=f0f67c86-825c-4f51-bc45-e41a54a67bc6","5e09bbaa7ab0e4157ab5045315856c99"
"81e38a0d-ac3d-4841-bc65-8214db761565","Tue May 13 2025 22:59:00 GMT-0400 (Eastern Daylight Time)","Tue May 13 2025 22:58:00 GMT-0400 (Eastern Daylight Time)","in_progress","Page 3","Alabama","Male","Yes","Vision","Main factor in my registration decision","Yes","","","","","","","None","https://build.fillout.com/editor/tCM39Fdh14us/results?sessionId=81e38a0d-ac3d-4841-bc65-8214db761565","d7e20a2efb38cb12e20b412c44675ae3"
"3a925895-991e-4d85-a25d-875f628b9a40","Tue May 13 2025 22:43:00 GMT-0400 (Eastern Daylight Time)","Tue May 13 2025 22:43:00 GMT-0400 (Eastern Daylight Time)","in_progress","Page 4","Alabama","Female ","Yes","Perseverance","A little bit","Yes","","Isaac Stevens/Chesed Vess","I had a meaningful personal interaction with another candidate","","","","None","https://build.fillout.com/editor/tCM39Fdh14us/results?sessionId=3a925895-991e-4d85-a25d-875f628b9a40","8fb87a81fca2e60e1b61fe8b729f29b4"
"8109fa05-3691-4ac4-a5cc-069be9013de5","Tue May 13 2025 22:20:00 GMT-0400 (Eastern Daylight Time)","Tue May 13 2025 22:20:00 GMT-0400 (Eastern Daylight Time)","in_progress","Page 4","Michigan","Male","Yes","Perseverance","None","Yes","","Joseph Jackson/Nate Verboncoeur","I had a meaningful personal interaction with another candidate","","","","None","https://build.fillout.com/editor/tCM39Fdh14us/results?sessionId=8109fa05-3691-4ac4-a5cc-069be9013de5","3e215519d20da8b86f5c5961f9cc139d"
"b44c7272-ebc1-4332-b1d7-cc54f85c3a5c","Tue May 13 2025 21:57:00 GMT-0400 (Eastern Daylight Time)","Tue May 13 2025 21:56:00 GMT-0400 (Eastern Daylight Time)","in_progress","Page 4","Michigan","Male","No","Compassion ","None","No","I am familiar with multiple presidential tickets, but I am waiting to decide until the week of voting","Isaac Powers/Enrique Rodriguez","Another candidate impressed me more with their public speaking/debate performance","","","","None","https://build.fillout.com/editor/tCM39Fdh14us/results?sessionId=b44c7272-ebc1-4332-b1d7-cc54f85c3a5c","8aee6d1d6b7a793d2cf7eb98f19e9dd9"
"148a01c3-7813-4dfd-a7f6-8a6cb1faa072","Tue May 13 2025 21:44:00 GMT-0400 (Eastern Daylight Time)","Tue May 13 2025 21:43:00 GMT-0400 (Eastern Daylight Time)","in_progress","Page 4","Iowa","Female ","No","Perseverance","A little bit","No","I am familiar with multiple presidential tickets, but I am waiting to decide until the week of voting","Jacob Redd/Caleb Sartor","I had a meaningful personal interaction with another candidate","","","","None","https://build.fillout.com/editor/tCM39Fdh14us/results?sessionId=148a01c3-7813-4dfd-a7f6-8a6cb1faa072","0eb8cc7009d681185e31ff13cc3c83ae"
"0562fd7a-34dd-4e06-a2c7-50e0484ad5b0","Tue May 13 2025 21:35:00 GMT-0400 (Eastern Daylight Time)","Tue May 13 2025 21:34:00 GMT-0400 (Eastern Daylight Time)","in_progress","Page 4","Oklahoma","Female ","No","N/A (Absentee Votes)","N/A","Yes","","I don't know any of the candidates
","Another candidate convinced me of their vision for TeenPact through their message","","","","None","https://build.fillout.com/editor/tCM39Fdh14us/results?sessionId=0562fd7a-34dd-4e06-a2c7-50e0484ad5b0","f82460f4019abac1af9de286f42fe368"
"974e61fe-f061-4ade-bcf5-9e9cd4485d67","Tue May 13 2025 21:34:00 GMT-0400 (Eastern Daylight Time)","Tue May 13 2025 21:28:00 GMT-0400 (Eastern Daylight Time)","in_progress","Page 4","Maryland","Male","No","N/A (Absentee Votes)","N/A","No","I am familiar with multiple presidential tickets, but I am waiting to decide until the week of voting","Clark Bigler/Grace Franklin","I had a meaningful personal interaction with another candidate","A candidate's GroupMe does not affect my vote","Message/Vision for TeenPact,Performance in Debates/Open Forums,Campaign Team Involvement,GroupMe Presence,Social Media/Branding","Clark Bigler,Jared Werner,Logan Sonnenfeld,Madden Hoffman","None","https://build.fillout.com/editor/tCM39Fdh14us/results?sessionId=974e61fe-f061-4ade-bcf5-9e9cd4485d67","ffb86841b601ffae941853fb983d6c40"
"52686b53-f28f-4d4f-8b41-526f1839e585","Tue May 13 2025 21:29:00 GMT-0400 (Eastern Daylight Time)","Tue May 13 2025 21:29:00 GMT-0400 (Eastern Daylight Time)","in_progress","Page 4","Iowa","Male","Yes","Compassion ","None","No","","Micah Carr/AnnaCatherine Hammett","Another candidate impressed me more with their public speaking/debate performance","","","","None","https://build.fillout.com/editor/tCM39Fdh14us/results?sessionId=52686b53-f28f-4d4f-8b41-526f1839e585","4bdb565b00481f7b22e8696db770417b"
"b487627f-4986-45a8-8a8f-e7ee66c2e61e","Tue May 13 2025 21:25:00 GMT-0400 (Eastern Daylight Time)","Tue May 13 2025 21:25:00 GMT-0400 (Eastern Daylight Time)","in_progress","Page 2","Indiana","Female ","Yes","N/A (Absentee Votes)","","","","","","","","","None","https://build.fillout.com/editor/tCM39Fdh14us/results?sessionId=b487627f-4986-45a8-8a8f-e7ee66c2e61e","217984e805234544bd4adc0177fcd2a8"
"fec9e629-4ed3-431d-b22f-73517cc6a1cc","Tue May 13 2025 19:04:00 GMT-0400 (Eastern Daylight Time)","Tue May 13 2025 19:04:00 GMT-0400 (Eastern Daylight Time)","in_progress","Page 2","Iowa","Female ","No","Compassion ","","","","","","","","","None","https://build.fillout.com/editor/tCM39Fdh14us/results?sessionId=fec9e629-4ed3-431d-b22f-73517cc6a1cc","db5a7e559e447722f5a15df4dc2f2b36"
"12706330-308e-4cb2-8c2a-d675f71865ad","Tue May 13 2025 18:44:00 GMT-0400 (Eastern Daylight Time)","Tue May 13 2025 18:43:00 GMT-0400 (Eastern Daylight Time)","in_progress","Page 4","Arizona","Female ","Yes","N/A (Absentee Votes)","None","No","I am familiar with multiple presidential tickets, but I am waiting to decide until the week of voting","Evan Duncan/Joy Southerland ","Another candidate impressed me more with their public speaking/debate performance","","","","None","https://build.fillout.com/editor/tCM39Fdh14us/results?sessionId=12706330-308e-4cb2-8c2a-d675f71865ad","08da99339f56f88e8f3575984f79457f"
"80855ebc-6670-43da-b87f-3a2835963e49","Tue May 13 2025 18:32:00 GMT-0400 (Eastern Daylight Time)","Tue May 13 2025 18:32:00 GMT-0400 (Eastern Daylight Time)","in_progress","Page 2","Minnesota","Female ","No","Independent (NatCon Parents, Event Staff)","","","","","","","","","None","https://build.fillout.com/editor/tCM39Fdh14us/results?sessionId=80855ebc-6670-43da-b87f-3a2835963e49","0563b54bbfdacf3e0d707da41a4ed088"
"bd2c68e5-4932-445e-adc4-6c88c66a8a31","Tue May 13 2025 18:28:00 GMT-0400 (Eastern Daylight Time)","Tue May 13 2025 18:27:00 GMT-0400 (Eastern Daylight Time)","in_progress","Page 4","Arizona","Female ","No","Vision","A little bit","No","I have a personal relationship with multiple presidential tickets","Evan Duncan/Joy Southerland ","I had a meaningful personal interaction with another candidate","","","","None","https://build.fillout.com/editor/tCM39Fdh14us/results?sessionId=bd2c68e5-4932-445e-adc4-6c88c66a8a31","91c59f8d61188d5f6324481ba1ea3ada"
"377db24b-3e49-448d-9915-6f6b605e1f8b","Tue May 13 2025 18:27:00 GMT-0400 (Eastern Daylight Time)","Tue May 13 2025 18:26:00 GMT-0400 (Eastern Daylight Time)","in_progress","Page 4","Kentucky","Male","No","N/A (Absentee Votes)","A significant amount","Yes","","I don't know any of the candidates
","I had a meaningful personal interaction with another candidate","","","","None","https://build.fillout.com/editor/tCM39Fdh14us/results?sessionId=377db24b-3e49-448d-9915-6f6b605e1f8b","105ff7f5d9d65107e9b0c59228b706f0"
"b6cabf67-b408-4722-99c4-91b92fb0ee68","Tue May 13 2025 18:18:00 GMT-0400 (Eastern Daylight Time)","Tue May 13 2025 18:18:00 GMT-0400 (Eastern Daylight Time)","in_progress","Page 4","Texas","Female ","No","N/A (Absentee Votes)","N/A","No","I don't know any candidates","I don't know any of the candidates
","Another candidate impressed me more with their social media/online presence","","","","None","https://build.fillout.com/editor/tCM39Fdh14us/results?sessionId=b6cabf67-b408-4722-99c4-91b92fb0ee68","b1338d44d167feb445046cf724584385"
"851b4ce2-9a25-4248-8883-8150b57c640c","Tue May 13 2025 18:16:00 GMT-0400 (Eastern Daylight Time)","Tue May 13 2025 18:15:00 GMT-0400 (Eastern Daylight Time)","in_progress","Page 4","Arkansas","Female ","Yes","Perseverance","None","No","I am familiar with multiple presidential tickets, but I am waiting to decide until the week of voting","Evan Duncan/Joy Southerland ","Another candidate impressed me more with their public speaking/debate performance","","","","None","https://build.fillout.com/editor/tCM39Fdh14us/results?sessionId=851b4ce2-9a25-4248-8883-8150b57c640c","158faf33bdb1aa57e8af2bdfc0c9e036"
"ec95d947-715d-480b-8bc9-ce81da67bfcf","Tue May 13 2025 18:16:00 GMT-0400 (Eastern Daylight Time)","Tue May 13 2025 18:16:00 GMT-0400 (Eastern Daylight Time)","in_progress","Page 4","Alabama","Female ","No","N/A (Absentee Votes)","N/A","Yes","","Jacob Redd/Caleb Sartor","Another candidate impressed me more with their public speaking/debate performance","","","","None","https://build.fillout.com/editor/tCM39Fdh14us/results?sessionId=ec95d947-715d-480b-8bc9-ce81da67bfcf","a97614e783221871285a0d28c2c25193"
"8a88b4ba-17de-4b27-9084-13e58168e7d1","Tue May 13 2025 18:16:00 GMT-0400 (Eastern Daylight Time)","Tue May 13 2025 18:15:00 GMT-0400 (Eastern Daylight Time)","in_progress","Page 4","Oklahoma","Male","Yes","N/A (Absentee Votes)","N/A","No","I don't know any candidates","Clark Bigler/Grace Franklin","Another candidate impressed me more with their public speaking/debate performance","","","","None","https://build.fillout.com/editor/tCM39Fdh14us/results?sessionId=8a88b4ba-17de-4b27-9084-13e58168e7d1","a920015bfdd4f100038a844dfedd336b"
"0b7d49dd-7d5e-4b81-8e18-eef6d76bf984","Tue May 13 2025 18:14:00 GMT-0400 (Eastern Daylight Time)","Tue May 13 2025 18:14:00 GMT-0400 (Eastern Daylight Time)","in_progress","Page 2","Louisiana","Female ","No","Perseverance","","","","","","","","","None","https://build.fillout.com/editor/tCM39Fdh14us/results?sessionId=0b7d49dd-7d5e-4b81-8e18-eef6d76bf984","2ebcdc7359512aae7d4f699163be36ca"
"a1fb9fff-c0c5-42bf-92f7-d9cf642f7fb2","Tue May 13 2025 18:04:00 GMT-0400 (Eastern Daylight Time)","Tue May 13 2025 17:59:00 GMT-0400 (Eastern Daylight Time)","in_progress","Page 4","Georgia","Female ","No","Vision","None","No","I don't know any candidates","Micah Carr/AnnaCatherine Hammett","I had a meaningful personal interaction with another candidate","","","","None","https://build.fillout.com/editor/tCM39Fdh14us/results?sessionId=a1fb9fff-c0c5-42bf-92f7-d9cf642f7fb2","05317b611be3e26834524c42cd30ff93"
"1cc4c792-f783-4d0b-a42b-17d4cbbc2e5a","Tue May 13 2025 18:01:00 GMT-0400 (Eastern Daylight Time)","Tue May 13 2025 18:01:00 GMT-0400 (Eastern Daylight Time)","in_progress","Page 4","Delaware","Female ","No","Compassion ","A little bit","Yes","","Jed Sicilia/Marie Timmons","Another candidate impressed me more with their social media/online presence","","","","None","https://build.fillout.com/editor/tCM39Fdh14us/results?sessionId=1cc4c792-f783-4d0b-a42b-17d4cbbc2e5a","c0368cc7bc1001be3c0a19abcf65804a"
"4cf3d165-9fff-4975-8597-1cdb509a83e3","Tue May 13 2025 18:00:00 GMT-0400 (Eastern Daylight Time)","Tue May 13 2025 17:59:00 GMT-0400 (Eastern Daylight Time)","in_progress","Page 4","Alabama","Female ","Yes","Compassion ","None","No","I have a personal relationship with multiple presidential tickets","Isaac Stevens/Chesed Vess","Another candidate convinced me of their vision for TeenPact through their message","","","","None","https://build.fillout.com/editor/tCM39Fdh14us/results?sessionId=4cf3d165-9fff-4975-8597-1cdb509a83e3","ed654b9a34d1e36bba08d67600421a97"
"ecf90ad1-fd19-4172-8d4c-59ac038df3f4","Tue May 13 2025 17:52:00 GMT-0400 (Eastern Daylight Time)","Tue May 13 2025 17:52:00 GMT-0400 (Eastern Daylight Time)","in_progress","Page 4","Wisconsin","Female ","No","Independent (NatCon Parents, Event Staff)","N/A","No","I am familiar with multiple presidential tickets, but I am waiting to decide until the week of voting","Geb Mckee/Porter Greenblatt","Another candidate convinced me of their vision for TeenPact through their message","","","","None","https://build.fillout.com/editor/tCM39Fdh14us/results?sessionId=ecf90ad1-fd19-4172-8d4c-59ac038df3f4","8f979297cfd80fa2554e52fc5251d478"
"68311ce1-f737-421c-b66d-78afed54f42b","Tue May 13 2025 17:50:00 GMT-0400 (Eastern Daylight Time)","Tue May 13 2025 17:50:00 GMT-0400 (Eastern Daylight Time)","in_progress","Page 3","Texas","Male","Yes","Perseverance","None","Yes","","","","","","","None","https://build.fillout.com/editor/tCM39Fdh14us/results?sessionId=68311ce1-f737-421c-b66d-78afed54f42b","20d4c4888a77b7ff87aebebf013e6747"
"080c8182-08ee-45ce-9c01-a6d5262292e4","Tue May 13 2025 17:35:00 GMT-0400 (Eastern Daylight Time)","Tue May 13 2025 17:34:00 GMT-0400 (Eastern Daylight Time)","in_progress","Page 4","Michigan","Male","No","Compassion ","None","Yes","","Joseph Jackson/Nate Verboncoeur","Another candidate convinced me of their vision for TeenPact through their message","","","","None","https://build.fillout.com/editor/tCM39Fdh14us/results?sessionId=080c8182-08ee-45ce-9c01-a6d5262292e4","3e215519d20da8b86f5c5961f9cc139d"
"5dde0ffe-334a-4ef5-8a0e-0ef75a4ce524","Tue May 13 2025 17:26:00 GMT-0400 (Eastern Daylight Time)","Tue May 13 2025 17:26:00 GMT-0400 (Eastern Daylight Time)","in_progress","Page 2","Alabama","Male","No","N/A (Absentee Votes)","","","","","","","","","None","https://build.fillout.com/editor/tCM39Fdh14us/results?sessionId=5dde0ffe-334a-4ef5-8a0e-0ef75a4ce524","d408c143bbdb111dabb6ae76bd444496"
"68f932a9-d025-4e34-89a6-7e6a1cebdd63","Tue May 13 2025 17:20:00 GMT-0400 (Eastern Daylight Time)","Tue May 13 2025 17:20:00 GMT-0400 (Eastern Daylight Time)","in_progress","Page 4","Iowa","Male","No","Independent (NatCon Parents, Event Staff)","Main factor in my registration decision","No","I am familiar with multiple presidential tickets, but I am waiting to decide until the week of voting","Micah Carr/AnnaCatherine Hammett","Another candidate impressed me more with their social media/online presence","","","","None","https://build.fillout.com/editor/tCM39Fdh14us/results?sessionId=68f932a9-d025-4e34-89a6-7e6a1cebdd63","5c922aa4ccdd18bc79339677a7838801"
"f84785a9-be42-4126-ad53-1cab8c833686","Tue May 13 2025 17:19:00 GMT-0400 (Eastern Daylight Time)","Tue May 13 2025 17:18:00 GMT-0400 (Eastern Daylight Time)","in_progress","Page 4","Tennessee","Female ","Yes","Perseverance","A little bit","Yes","","Clark Bigler/Grace Franklin","I had a meaningful personal interaction with another candidate","","","","None","https://build.fillout.com/editor/tCM39Fdh14us/results?sessionId=f84785a9-be42-4126-ad53-1cab8c833686","0a2f6f1032082ab2aa5696cbd8e1a97f"
"de40d791-dd55-4878-a708-145f2dc65a21","Tue May 13 2025 17:02:00 GMT-0400 (Eastern Daylight Time)","Tue May 13 2025 17:02:00 GMT-0400 (Eastern Daylight Time)","in_progress","Page 2","Wisconsin","Female ","No","N/A (Absentee Votes)","","","","","","","","","None","https://build.fillout.com/editor/tCM39Fdh14us/results?sessionId=de40d791-dd55-4878-a708-145f2dc65a21","f1a43d4c1fe6157da151ea259b21c2ac"
"395b0105-911d-48a7-b39a-8ea28ccb0ff8","Tue May 13 2025 16:42:00 GMT-0400 (Eastern Daylight Time)","Tue May 13 2025 16:42:00 GMT-0400 (Eastern Daylight Time)","in_progress","Page 3","Arizona","Female ","No","Compassion ","Main factor in my registration decision","Yes","","","","","","","None","https://build.fillout.com/editor/tCM39Fdh14us/results?sessionId=395b0105-911d-48a7-b39a-8ea28ccb0ff8","8f979297cfd80fa2554e52fc5251d478"
"e4078a49-e49a-4f85-8cfe-6c9b36d3f268","Tue May 13 2025 16:32:00 GMT-0400 (Eastern Daylight Time)","Tue May 13 2025 16:31:00 GMT-0400 (Eastern Daylight Time)","in_progress","Page 4","Virginia","Male","Yes","Perseverance","None","No","I have a personal relationship with multiple presidential tickets","Joseph Jackson/Nate Verboncoeur","Another candidate impressed me more with their public speaking/debate performance","","","","None","https://build.fillout.com/editor/tCM39Fdh14us/results?sessionId=e4078a49-e49a-4f85-8cfe-6c9b36d3f268","678fd35b8301b3dddc2f3efa80c8b0b6"
"4b63f240-c954-4131-b46e-300a8b556769","Tue May 13 2025 16:30:00 GMT-0400 (Eastern Daylight Time)","Tue May 13 2025 16:30:00 GMT-0400 (Eastern Daylight Time)","in_progress","Page 4","Texas","Female ","Yes","Compassion ","Main factor in my registration decision","Yes","","Isaac Stevens/Chesed Vess","Another candidate impressed me more with their public speaking/debate performance","","","","None","https://build.fillout.com/editor/tCM39Fdh14us/results?sessionId=4b63f240-c954-4131-b46e-300a8b556769","8539d791f7460aba40562238fc2c7eab"
"88a20624-137b-4315-85b3-0ef121d0e667","Tue May 13 2025 16:30:00 GMT-0400 (Eastern Daylight Time)","Tue May 13 2025 16:30:00 GMT-0400 (Eastern Daylight Time)","in_progress","Page 4","Texas","Female ","No","Vision","None","Yes","","Isaac Stevens/Chesed Vess","Another candidate impressed me more with their public speaking/debate performance","","","","None","https://build.fillout.com/editor/tCM39Fdh14us/results?sessionId=88a20624-137b-4315-85b3-0ef121d0e667","8760304492a1a74216356ee4fdd1e14d"
"67840321-2683-4826-9c4b-ca94f18844c9","Tue May 13 2025 16:24:00 GMT-0400 (Eastern Daylight Time)","Tue May 13 2025 16:23:00 GMT-0400 (Eastern Daylight Time)","in_progress","Page 3","Virginia","Male","Yes","N/A (Absentee Votes)","N/A","Yes","","","","","","","None","https://build.fillout.com/editor/tCM39Fdh14us/results?sessionId=67840321-2683-4826-9c4b-ca94f18844c9","86c8d1a0dfcaaf975b00cc955a657006"
"2d9a77f1-11a7-497a-a063-fae40d8720ec","Tue May 13 2025 16:22:00 GMT-0400 (Eastern Daylight Time)","Tue May 13 2025 16:21:00 GMT-0400 (Eastern Daylight Time)","in_progress","Page 4","Florida","Male","Yes","Perseverance","A significant amount","No","I am familiar with multiple presidential tickets, but I am waiting to decide until the week of voting","Isaac Stevens/Chesed Vess","Another candidate impressed me more with their public speaking/debate performance","","","","None","https://build.fillout.com/editor/tCM39Fdh14us/results?sessionId=2d9a77f1-11a7-497a-a063-fae40d8720ec","9c25132807d6127e78aba1d8fd6f5334"
"17e8e190-cf05-4495-abd9-943ab35b66ad","Tue May 13 2025 16:16:00 GMT-0400 (Eastern Daylight Time)","Tue May 13 2025 16:16:00 GMT-0400 (Eastern Daylight Time)","in_progress","Page 3","Alabama","Female ","No","N/A (Absentee Votes)","Main factor in my registration decision","Yes","","","","","","","None","https://build.fillout.com/editor/tCM39Fdh14us/results?sessionId=17e8e190-cf05-4495-abd9-943ab35b66ad","1160a80a52abcc76baf51aed22a04882"
"04c56ece-24ed-439b-8c31-3cbee4dead82","Tue May 13 2025 16:16:00 GMT-0400 (Eastern Daylight Time)","Tue May 13 2025 16:16:00 GMT-0400 (Eastern Daylight Time)","in_progress","Page 2","Georgia","Female ","No","N/A (Absentee Votes)","","","","","","","","","None","https://build.fillout.com/editor/tCM39Fdh14us/results?sessionId=04c56ece-24ed-439b-8c31-3cbee4dead82","5713b7a2d25770d5ff693f0cb2b9697b"
"769f44d5-904e-4843-a6f9-3a1631ec6b44","Tue May 13 2025 16:15:00 GMT-0400 (Eastern Daylight Time)","Tue May 13 2025 16:14:00 GMT-0400 (Eastern Daylight Time)","in_progress","Page 3","Alabama","Female ","No","N/A (Absentee Votes)","Main factor in my registration decision","Yes","","","","","","","None","https://build.fillout.com/editor/tCM39Fdh14us/results?sessionId=769f44d5-904e-4843-a6f9-3a1631ec6b44","1160a80a52abcc76baf51aed22a04882"
"b3c809f3-be7b-498e-aedb-fae1d2a22cff","Tue May 13 2025 16:14:00 GMT-0400 (Eastern Daylight Time)","Tue May 13 2025 16:13:00 GMT-0400 (Eastern Daylight Time)","in_progress","Page 4","Iowa","Male","Yes","Perseverance","A significant amount","No","I have a personal relationship with multiple presidential tickets","Clark Bigler/Grace Franklin","Another candidate impressed me more with their public speaking/debate performance","","","","None","https://build.fillout.com/editor/tCM39Fdh14us/results?sessionId=b3c809f3-be7b-498e-aedb-fae1d2a22cff","87b3cadd99c28b7e7f19afdfc4f45991"
"8a90f6d9-ea85-46f0-ac25-05e701620102","Tue May 13 2025 16:14:00 GMT-0400 (Eastern Daylight Time)","Tue May 13 2025 16:13:00 GMT-0400 (Eastern Daylight Time)","in_progress","Page 3","Kentucky","Female ","Yes","Vision","A little bit","No","I am familiar with multiple presidential tickets, but I am waiting to decide until the week of voting","","","","","","None","https://build.fillout.com/editor/tCM39Fdh14us/results?sessionId=8a90f6d9-ea85-46f0-ac25-05e701620102","ba2b1fd833de7a7b88b091877385385a"
"1419a41d-8cfa-4bd4-90de-1a41a26321bd","Tue May 13 2025 16:11:00 GMT-0400 (Eastern Daylight Time)","Tue May 13 2025 16:10:00 GMT-0400 (Eastern Daylight Time)","in_progress","Page 4","Louisiana","Female ","Yes","Perseverance","A little bit","No","I don't know any candidates","Camp Fisher/Brody Aulds","I had a meaningful personal interaction with another candidate","","","","None","https://build.fillout.com/editor/tCM39Fdh14us/results?sessionId=1419a41d-8cfa-4bd4-90de-1a41a26321bd","ae6f6d02ad7d1b635421876d5fc2c7e9"
"191f1e1a-1036-4d05-b19a-2e70c42d22bb","Tue May 13 2025 16:06:00 GMT-0400 (Eastern Daylight Time)","Tue May 13 2025 16:06:00 GMT-0400 (Eastern Daylight Time)","in_progress","Page 3","Tennessee","Female ","No","N/A (Absentee Votes)","Main factor in my registration decision","Yes","","","","","","","None","https://build.fillout.com/editor/tCM39Fdh14us/results?sessionId=191f1e1a-1036-4d05-b19a-2e70c42d22bb","6f06ed3b1aecfbd0d9abf72f282d0ecd"
"b1fc2665-bc7e-45a0-a002-51afaa389db4","Tue May 13 2025 16:02:00 GMT-0400 (Eastern Daylight Time)","Tue May 13 2025 16:00:00 GMT-0400 (Eastern Daylight Time)","in_progress","Page 4","Mississippi","Female ","Yes","Independent (NatCon Parents, Event Staff)","A little bit","Yes","","Micah Carr/AnnaCatherine Hammett","I had a meaningful personal interaction with another candidate","","","","None","https://build.fillout.com/editor/tCM39Fdh14us/results?sessionId=b1fc2665-bc7e-45a0-a002-51afaa389db4","acaad9fe6a87fbda480eba9870c04fb7"
"14752643-e072-4d8f-9fa3-2b45f75b895e","Tue May 13 2025 16:00:00 GMT-0400 (Eastern Daylight Time)","Tue May 13 2025 15:59:00 GMT-0400 (Eastern Daylight Time)","in_progress","Page 4","Illinois","Male","Yes","Vision","Main factor in my registration decision","Yes","","Isaac Stevens/Chesed Vess","Another candidate impressed me more with their public speaking/debate performance","","","","None","https://build.fillout.com/editor/tCM39Fdh14us/results?sessionId=14752643-e072-4d8f-9fa3-2b45f75b895e","185351bd35b86ca5c4814484731eb710"
"78c9788c-6f0e-4aad-a73c-feb383718316","Tue May 13 2025 15:59:00 GMT-0400 (Eastern Daylight Time)","Tue May 13 2025 15:58:00 GMT-0400 (Eastern Daylight Time)","in_progress","Page 4","South Dakota","Male","Yes","Perseverance","None","Yes","","Jed Sicilia/Marie Timmons","Another candidate impressed me more with their public speaking/debate performance","","","","None","https://build.fillout.com/editor/tCM39Fdh14us/results?sessionId=78c9788c-6f0e-4aad-a73c-feb383718316","e2102c64b0f762ba2428cd7dbca2c9d6"
"28d215fe-0ba3-401b-805a-0fb327e4d0bc","Tue May 13 2025 15:57:00 GMT-0400 (Eastern Daylight Time)","Tue May 13 2025 15:56:00 GMT-0400 (Eastern Daylight Time)","in_progress","Page 4","Georgia","Female ","Yes","Vision","A little bit","No","I am familiar with multiple presidential tickets, but I am waiting to decide until the week of voting","Brody Morgan/Zeke Harper","I had a meaningful personal interaction with another candidate","","","","None","https://build.fillout.com/editor/tCM39Fdh14us/results?sessionId=28d215fe-0ba3-401b-805a-0fb327e4d0bc","8d0be6f95035ded2c6ff93abfbc162db"
"ce4ed290-81e8-4835-8e12-3da3a1ddb18c","Tue May 13 2025 15:56:00 GMT-0400 (Eastern Daylight Time)","Tue May 13 2025 15:56:00 GMT-0400 (Eastern Daylight Time)","in_progress","Page 4","Michigan","Male","Yes","Perseverance","A significant amount","No","I have a personal relationship with multiple presidential tickets","Clark Bigler/Grace Franklin","Another candidate impressed me more with their public speaking/debate performance","","","","None","https://build.fillout.com/editor/tCM39Fdh14us/results?sessionId=ce4ed290-81e8-4835-8e12-3da3a1ddb18c","48a44bfa4a71328cf89387fc9a8f330b"
"10863978-65fd-452c-a81a-b9e286927fe8","Tue May 13 2025 15:55:00 GMT-0400 (Eastern Daylight Time)","Tue May 13 2025 15:55:00 GMT-0400 (Eastern Daylight Time)","in_progress","Page 4","Alaska","Male","Yes","Compassion ","Main factor in my registration decision","Yes","","Jed Sicilia/Marie Timmons","Another candidate convinced me of their vision for TeenPact through their message","","","","None","https://build.fillout.com/editor/tCM39Fdh14us/results?sessionId=10863978-65fd-452c-a81a-b9e286927fe8","16d7c5f39cb8cc0f9bdacad9e9918f5f"
"b0067ec1-1e3c-47bb-b8f6-631910f89349","Tue May 13 2025 15:55:00 GMT-0400 (Eastern Daylight Time)","Tue May 13 2025 15:55:00 GMT-0400 (Eastern Daylight Time)","in_progress","Page 3","Colorado","Female ","No","Perseverance","N/A","No","I am familiar with multiple presidential tickets, but I am waiting to decide until the week of voting","","","","","","None","https://build.fillout.com/editor/tCM39Fdh14us/results?sessionId=b0067ec1-1e3c-47bb-b8f6-631910f89349","8f979297cfd80fa2554e52fc5251d478"
"e3ac0d35-fb6c-4618-94b2-dab04db67a2d","Tue May 13 2025 15:55:00 GMT-0400 (Eastern Daylight Time)","Tue May 13 2025 15:54:00 GMT-0400 (Eastern Daylight Time)","in_progress","Page 3","Michigan","Female ","Yes","Vision","None","No","I am familiar with multiple presidential tickets, but I am waiting to decide until the week of voting","","","","","","None","https://build.fillout.com/editor/tCM39Fdh14us/results?sessionId=e3ac0d35-fb6c-4618-94b2-dab04db67a2d","d24f04633564785c5fa7148184f72ae2"
"a48808ad-d3c4-430e-92fd-4b66eb612bb5","Tue May 13 2025 15:50:00 GMT-0400 (Eastern Daylight Time)","Tue May 13 2025 15:49:00 GMT-0400 (Eastern Daylight Time)","in_progress","Page 4","Idaho","Female ","Yes","N/A (Absentee Votes)","A little bit","Yes","","Jed Sicilia/Marie Timmons","I had a meaningful personal interaction with another candidate","","","","None","https://build.fillout.com/editor/tCM39Fdh14us/results?sessionId=a48808ad-d3c4-430e-92fd-4b66eb612bb5","022d78b5795db685c563c5bccb24b571"
"622e6bf6-fdf9-4678-9153-567724755922","Tue May 13 2025 15:44:00 GMT-0400 (Eastern Daylight Time)","Tue May 13 2025 15:44:00 GMT-0400 (Eastern Daylight Time)","in_progress","Page 3","North Carolina","Female ","Yes","Independent (NatCon Parents, Event Staff)","N/A","No","I am familiar with multiple presidential tickets, but I am waiting to decide until the week of voting","","","","","","None","https://build.fillout.com/editor/tCM39Fdh14us/results?sessionId=622e6bf6-fdf9-4678-9153-567724755922","b9560b57facf8edb8fa2ada2ad7d49a6"
"e93ad14f-dd2e-468c-8197-cb00289df1a4","Tue May 13 2025 15:42:00 GMT-0400 (Eastern Daylight Time)","Tue May 13 2025 15:41:00 GMT-0400 (Eastern Daylight Time)","in_progress","Page 4","Ohio","Female ","Yes","N/A (Absentee Votes)","N/A","No","I don't know any candidates","Evan Duncan/Joy Southerland ","Another candidate impressed me more with their public speaking/debate performance","","","","None","https://build.fillout.com/editor/tCM39Fdh14us/results?sessionId=e93ad14f-dd2e-468c-8197-cb00289df1a4","57a0748d4aed0d54ac36976bc89cceca"
"1ecd06e0-b78c-4e81-8b14-a67e82dec13a","Tue May 13 2025 15:41:00 GMT-0400 (Eastern Daylight Time)","Tue May 13 2025 15:40:00 GMT-0400 (Eastern Daylight Time)","in_progress","Page 4","North Carolina","Female ","Yes","Compassion ","None","Yes","","Joseph Jackson/Nate Verboncoeur","Another candidate impressed me more with their public speaking/debate performance","","","","None","https://build.fillout.com/editor/tCM39Fdh14us/results?sessionId=1ecd06e0-b78c-4e81-8b14-a67e82dec13a","4dacec9969aa5ebd722c256ec51bbf25"
"9ac1f102-afa8-404b-bcec-1e06e74c61d2","Tue May 13 2025 15:40:00 GMT-0400 (Eastern Daylight Time)","Tue May 13 2025 15:40:00 GMT-0400 (Eastern Daylight Time)","in_progress","Page 2","Oklahoma","Male","Yes","N/A (Absentee Votes)","","","","","","","","","None","https://build.fillout.com/editor/tCM39Fdh14us/results?sessionId=9ac1f102-afa8-404b-bcec-1e06e74c61d2","3eedc1a71626b1064f412b966fdf2562"
"551c9eba-4afe-4600-9333-f39a135eee97","Tue May 13 2025 15:38:00 GMT-0400 (Eastern Daylight Time)","Tue May 13 2025 15:37:00 GMT-0400 (Eastern Daylight Time)","in_progress","Page 4","North Carolina","Male","Yes","Compassion ","None","Yes","","Joseph Jackson/Nate Verboncoeur","Another candidate impressed me more with their public speaking/debate performance","","","","None","https://build.fillout.com/editor/tCM39Fdh14us/results?sessionId=551c9eba-4afe-4600-9333-f39a135eee97","1540384275f572fddc2ec1488d6247ea"
"9aa54c57-d185-4c12-8a57-b51ab2031681","Tue May 13 2025 15:36:00 GMT-0400 (Eastern Daylight Time)","Tue May 13 2025 15:35:00 GMT-0400 (Eastern Daylight Time)","in_progress","Page 4","Florida","Male","No","Vision","Main factor in my registration decision","No","I have a personal relationship with multiple presidential tickets","Brody Morgan/Zeke Harper","I had a meaningful personal interaction with another candidate","","","","None","https://build.fillout.com/editor/tCM39Fdh14us/results?sessionId=9aa54c57-d185-4c12-8a57-b51ab2031681","2d78aaafdb6a84fce68603434313ee1d"
"d6da1f96-fbc9-48ea-a3c8-b4a5c5eeed68","Tue May 13 2025 15:34:00 GMT-0400 (Eastern Daylight Time)","Tue May 13 2025 15:33:00 GMT-0400 (Eastern Daylight Time)","in_progress","Page 4","Missouri","Male","Yes","Vision","A little bit","Yes","","Jed Sicilia/Marie Timmons","I had a meaningful personal interaction with another candidate","","","","None","https://build.fillout.com/editor/tCM39Fdh14us/results?sessionId=d6da1f96-fbc9-48ea-a3c8-b4a5c5eeed68","639f7a5d453b5d8a01116943c317eb78"
"487f3168-e57c-41b5-ae64-63a23fd97241","Tue May 13 2025 15:34:00 GMT-0400 (Eastern Daylight Time)","Tue May 13 2025 15:33:00 GMT-0400 (Eastern Daylight Time)","in_progress","Page 4","Florida","Female ","Yes","Vision","A little bit","Yes","","Micah Carr/AnnaCatherine Hammett","I had a meaningful personal interaction with another candidate","","","","None","https://build.fillout.com/editor/tCM39Fdh14us/results?sessionId=487f3168-e57c-41b5-ae64-63a23fd97241","fa787e76ae0d35f95ed59214ff634ffd"
"fb18bad7-410b-4f69-85f3-e3758fd2a928","Tue May 13 2025 15:29:00 GMT-0400 (Eastern Daylight Time)","Tue May 13 2025 15:27:00 GMT-0400 (Eastern Daylight Time)","in_progress","Page 4","North Carolina","Male","Yes","N/A (Absentee Votes)","N/A","No","I have a personal relationship with multiple presidential tickets","Joseph Jackson/Nate Verboncoeur","Another candidate impressed me more with their public speaking/debate performance","","","","None","https://build.fillout.com/editor/tCM39Fdh14us/results?sessionId=fb18bad7-410b-4f69-85f3-e3758fd2a928","b64ba645242055178aae05657bd5ee7f"
"d13d413e-13d5-43c2-b438-952c8775912c","Tue May 13 2025 15:27:00 GMT-0400 (Eastern Daylight Time)","Tue May 13 2025 15:26:00 GMT-0400 (Eastern Daylight Time)","in_progress","Page 4","Georgia","Female ","Yes","Perseverance","A significant amount","No","I am familiar with multiple presidential tickets, but I am waiting to decide until the week of voting","Clark Bigler/Grace Franklin","Another candidate convinced me of their vision for TeenPact through their message","","","","None","https://build.fillout.com/editor/tCM39Fdh14us/results?sessionId=d13d413e-13d5-43c2-b438-952c8775912c","851b923ccd204eb9187bb86f45ec8a82"
"06724883-e725-4a75-86b6-d078fba7e6ac","Tue May 13 2025 15:25:00 GMT-0400 (Eastern Daylight Time)","Tue May 13 2025 15:24:00 GMT-0400 (Eastern Daylight Time)","in_progress","Page 4","Maryland","Female ","Yes","N/A (Absentee Votes)","N/A","No","I have a personal relationship with multiple presidential tickets","Evan Duncan/Joy Southerland ","Another candidate impressed me more with their public speaking/debate performance","","","","None","https://build.fillout.com/editor/tCM39Fdh14us/results?sessionId=06724883-e725-4a75-86b6-d078fba7e6ac","eb1cbcb0a8b061f48168e6e5e9647212"
"ceb7a101-8977-4650-bae6-2372a9c9cd96","Tue May 13 2025 15:22:00 GMT-0400 (Eastern Daylight Time)","Tue May 13 2025 15:22:00 GMT-0400 (Eastern Daylight Time)","in_progress","Page 4","California","Female ","No","N/A (Absentee Votes)","N/A","No","I have a personal relationship with multiple presidential tickets","Evan Duncan/Joy Southerland ","Another candidate convinced me of their vision for TeenPact through their message","","","","None","https://build.fillout.com/editor/tCM39Fdh14us/results?sessionId=ceb7a101-8977-4650-bae6-2372a9c9cd96","b5917f593c8da354811e1532df2f3301"
"31714e12-938e-4a2b-a310-3d5dd9a35e1e","Tue May 13 2025 15:20:00 GMT-0400 (Eastern Daylight Time)","Tue May 13 2025 15:20:00 GMT-0400 (Eastern Daylight Time)","in_progress","Page 4","Kentucky","Male","No","N/A (Absentee Votes)","None","No","I don't know any candidates","Evan Duncan/Joy Southerland ","I had a meaningful personal interaction with another candidate","","","","None","https://build.fillout.com/editor/tCM39Fdh14us/results?sessionId=31714e12-938e-4a2b-a310-3d5dd9a35e1e","888898aeabe2d8185f377cda4c38747b"
"e5b5af7d-da98-44b9-871b-4867db373863","Tue May 13 2025 15:18:00 GMT-0400 (Eastern Daylight Time)","Tue May 13 2025 15:18:00 GMT-0400 (Eastern Daylight Time)","in_progress","Page 2","Illinois","Female ","No","Vision","","","","","","","","","None","https://build.fillout.com/editor/tCM39Fdh14us/results?sessionId=e5b5af7d-da98-44b9-871b-4867db373863","92394af54fb868fe82fc0931ec9cf8b4"
"4b02f575-6d65-4bc3-a7c8-7b220a0c413e","Tue May 13 2025 15:18:00 GMT-0400 (Eastern Daylight Time)","Tue May 13 2025 15:18:00 GMT-0400 (Eastern Daylight Time)","in_progress","Page 3","Utah","Male","Yes","Compassion ","None","Yes","","","","","","","None","https://build.fillout.com/editor/tCM39Fdh14us/results?sessionId=4b02f575-6d65-4bc3-a7c8-7b220a0c413e","df85eccf0b3796b42e4a491762f069a6"
"cd019698-12a6-4154-b806-e3daaf768e04","Tue May 13 2025 15:15:00 GMT-0400 (Eastern Daylight Time)","Tue May 13 2025 15:15:00 GMT-0400 (Eastern Daylight Time)","in_progress","Page 3","Kentucky","Male","No","N/A (Absentee Votes)","N/A","Yes","","","","","","","None","https://build.fillout.com/editor/tCM39Fdh14us/results?sessionId=cd019698-12a6-4154-b806-e3daaf768e04","7e6822d4ecde5aa4b2ca74760b4171c4"
"86891309-c8c2-4ad4-a3f6-c931eb308587","Tue May 13 2025 15:09:00 GMT-0400 (Eastern Daylight Time)","Tue May 13 2025 15:08:00 GMT-0400 (Eastern Daylight Time)","in_progress","Page 4","Florida","Female ","Yes","Vision","A little bit","Yes","","Micah Carr/AnnaCatherine Hammett","I had a meaningful personal interaction with another candidate","","","","None","https://build.fillout.com/editor/tCM39Fdh14us/results?sessionId=86891309-c8c2-4ad4-a3f6-c931eb308587","fa787e76ae0d35f95ed59214ff634ffd"
"87a04c5c-2ac6-4260-b8a6-2024a094312a","Tue May 13 2025 14:55:00 GMT-0400 (Eastern Daylight Time)","Tue May 13 2025 14:54:00 GMT-0400 (Eastern Daylight Time)","in_progress","Page 3","Virginia","Female ","Yes","Independent (NatCon Parents, Event Staff)","N/A","No","I am familiar with multiple presidential tickets, but I am waiting to decide until the week of voting","","","","","","None","https://build.fillout.com/editor/tCM39Fdh14us/results?sessionId=87a04c5c-2ac6-4260-b8a6-2024a094312a","f01610e0e9e13af88702c66a4a1dc883"
"7743ca33-f7b0-4c94-86b2-3663c8c78fda","Tue May 13 2025 13:50:00 GMT-0400 (Eastern Daylight Time)","Tue May 13 2025 13:50:00 GMT-0400 (Eastern Daylight Time)","in_progress","Page 2","Oklahoma","Male","Yes","Independent (NatCon Parents, Event Staff)","","","","","","","","","None","https://build.fillout.com/editor/tCM39Fdh14us/results?sessionId=7743ca33-f7b0-4c94-86b2-3663c8c78fda","40ed2377628313425cb66352f773e897"
"f3e8fdd0-6474-4e2e-ade6-f4d0d436298c","Tue May 13 2025 13:49:00 GMT-0400 (Eastern Daylight Time)","Tue May 13 2025 13:48:00 GMT-0400 (Eastern Daylight Time)","in_progress","Page 3","Texas","Female ","Yes","Independent (NatCon Parents, Event Staff)","N/A","No","I am familiar with multiple presidential tickets, but I am waiting to decide until the week of voting","","","","","","None","https://build.fillout.com/editor/tCM39Fdh14us/results?sessionId=f3e8fdd0-6474-4e2e-ade6-f4d0d436298c","27dbe529678ebe3f8fd43b8f52f3dc36"