State,Party,Decided?,Vote
,,,
Indiana,Vision,"Maybe, But I'm Still Open",Truman Forehand/Grant Johnson
,,,
Kentucky,Vision,"Maybe, But I'm Still Open",Truman Forehand/Grant Johnson
,,,
Nebraska,Vision,"Maybe, But I'm Still Open",Truman Forehand/Grant Johnson
,,,
North Carolina,Vision,"Maybe, But I'm Still Open",Truman Forehand/Grant Johnson
,,,
Virginia,Vision,"Maybe, But I'm Still Open",Truman Forehand/Grant Johnson
,,,
Alabama,Perseverance,"Maybe, But I'm Still Open",Carissa Gould/Toby DeMoss
,,,
Arizona,Perseverance,"Maybe, But I'm Still Open",Carissa Gould/Toby DeMoss
,,,
Arkansas,Perseverance,"Maybe, But I'm Still Open",Carissa Gould/Toby DeMoss
,,,
Arkansas,Perseverance,"Maybe, But I'm Still Open",Carissa Gould/Toby DeMoss
,,,
Louisiana,Perseverance,"Maybe, But I'm Still Open",Carissa Gould/Toby DeMoss
,,,
Mississippi,Perseverance,"Maybe, But I'm Still Open",Carissa Gould/Toby DeMoss
,,,
Mississippi,Perseverance,"Maybe, But I'm Still Open",Carissa Gould/Toby DeMoss
,,,
Mississippi,Perseverance,"Maybe, But I'm Still Open",Carissa Gould/Toby DeMoss
,,,
Oklahoma,Perseverance,"Maybe, But I'm Still Open",Carissa Gould/Toby DeMoss
,,,
Tennessee,Perseverance,"Maybe, But I'm Still Open",Carissa Gould/Toby DeMoss
,,,
Virginia,Perseverance,"Maybe, But I'm Still Open",Carissa Gould/Toby DeMoss
,,,
Washington,Perseverance,"Maybe, But I'm Still Open",Carissa Gould/Toby DeMoss
,,,
Nevada,Vision,"Maybe, But I'm Still Open",Carissa Gould/Toby DeMoss
,,,
South Carolina,Vision,"Maybe, But I'm Still Open",Carissa Gould/Toby DeMoss
,,,
South Carolina,Vision,"Maybe, But I'm Still Open",Carissa Gould/Toby DeMoss
,,,
Mississippi,,"Maybe, But I'm Still Open",Carissa Gould/Toby DeMoss
,,,
Arkansas,Compassion,"Maybe, But I'm Still Open",Pettus/Matz
,,,
Michigan,Compassion,"Maybe, But I'm Still Open",Pettus/Matz
,,,
Texas,Compassion,"Maybe, But I'm Still Open",Pettus/Matz
,,,
Montana,Perseverance,"Maybe, But I'm Still Open",Pettus/Matz
,,,
Texas,Vision,"Maybe, But I'm Still Open",Pettus/Matz
,,,
Texas,Vision,"Maybe, But I'm Still Open",Pettus/Matz
,,,
Delaware,Compassion,"Maybe, But I'm Still Open",Noah Streyle/Christa Kaufman
,,,
New York,Vision,"Maybe, But I'm Still Open",Tangel/Usee
,,,
Florida,Perseverance,"Maybe, But I'm Still Open",Undecided
,,,
South Carolina,Perseverance,"Maybe, But I'm Still Open",Undecided
,,,
Georgia,Vision,"Maybe, But I'm Still Open",Undecided
,,,
Louisiana,Perseverance,"Maybe, But I'm Still Open",Wypszinski/Sullivan
,,,
Tennessee,Perseverance,"Maybe, But I'm Still Open",Wypszinski/Sullivan
,,,
South Carolina,Perseverance,"No, I'm Undecided",Carissa Gould/Toby DeMoss
,,,
Iowa,Perseverance,"No, I'm Undecided",Noah Streyle/Christa Kaufman
,,,
Alabama,Compassion,"No, I'm Undecided",Undecided
,,,
Alaska,Compassion,"No, I'm Undecided",Undecided
,,,
Alaska,Compassion,"No, I'm Undecided",Undecided
,,,
Alaska,Compassion,"No, I'm Undecided",Undecided
,,,
Arizona,Compassion,"No, I'm Undecided",Undecided
,,,
Arizona,Compassion,"No, I'm Undecided",Undecided
,,,
Arkansas,Compassion,"No, I'm Undecided",Undecided
,,,
Florida,Compassion,"No, I'm Undecided",Undecided
,,,
Florida,Compassion,"No, I'm Undecided",Undecided
,,,
Florida,Compassion,"No, I'm Undecided",Undecided
,,,
Florida,Compassion,"No, I'm Undecided",Undecided
,,,
Florida,Compassion,"No, I'm Undecided",Undecided
,,,
Florida,Compassion,"No, I'm Undecided",Undecided
,,,
Florida,Compassion,"No, I'm Undecided",Undecided
,,,
Georgia,Compassion,"No, I'm Undecided",Undecided
,,,
Illinois,Compassion,"No, I'm Undecided",Undecided
,,,
Indiana,Compassion,"No, I'm Undecided",Undecided
,,,
Indiana,Compassion,"No, I'm Undecided",Undecided
,,,
Indiana,Compassion,"No, I'm Undecided",Undecided
,,,
Indiana,Compassion,"No, I'm Undecided",Undecided
,,,
Indiana,Compassion,"No, I'm Undecided",Undecided
,,,
Kansas,Compassion,"No, I'm Undecided",Undecided
,,,
Kansas,Compassion,"No, I'm Undecided",Undecided
,,,
Kansas,Compassion,"No, I'm Undecided",Undecided
,,,
Kentucky,Compassion,"No, I'm Undecided",Undecided
,,,
Louisiana,Compassion,"No, I'm Undecided",Undecided
,,,
Louisiana,Compassion,"No, I'm Undecided",Undecided
,,,
Louisiana,Compassion,"No, I'm Undecided",Undecided
,,,
Maine,Compassion,"No, I'm Undecided",Undecided
,,,
Maine,Compassion,"No, I'm Undecided",Undecided
,,,
Maine,Compassion,"No, I'm Undecided",Undecided
,,,
Michigan,Compassion,"No, I'm Undecided",Undecided
,,,
Mississippi,Compassion,"No, I'm Undecided",Undecided
,,,
Nebraska,Compassion,"No, I'm Undecided",Undecided
,,,
Nebraska,Compassion,"No, I'm Undecided",Undecided
,,,
Nebraska,Compassion,"No, I'm Undecided",Undecided
,,,
Nevada,Compassion,"No, I'm Undecided",Undecided
,,,
New York,Compassion,"No, I'm Undecided",Undecided
,,,
North Carolina,Compassion,"No, I'm Undecided",Undecided
,,,
North Carolina,Compassion,"No, I'm Undecided",Undecided
,,,
North Carolina,Compassion,"No, I'm Undecided",Undecided
,,,
Ohio,Compassion,"No, I'm Undecided",Undecided
,,,
Ohio,Compassion,"No, I'm Undecided",Undecided
,,,
Ohio,Compassion,"No, I'm Undecided",Undecided
,,,
Ohio,Compassion,"No, I'm Undecided",Undecided
,,,
Oklahoma,Compassion,"No, I'm Undecided",Undecided
,,,
Oregon,Compassion,"No, I'm Undecided",Undecided
,,,
South Carolina,Compassion,"No, I'm Undecided",Undecided
,,,
Tennessee,Compassion,"No, I'm Undecided",Undecided
,,,
Texas,Compassion,"No, I'm Undecided",Undecided
,,,
Texas,Compassion,"No, I'm Undecided",Undecided
,,,
Texas,Compassion,"No, I'm Undecided",Undecided
,,,
Texas,Compassion,"No, I'm Undecided",Undecided
,,,
Texas,Compassion,"No, I'm Undecided",Undecided
,,,
Texas,Compassion,"No, I'm Undecided",Undecided
,,,
Texas,Compassion,"No, I'm Undecided",Undecided
,,,
Texas,Compassion,"No, I'm Undecided",Undecided
,,,
Texas,Compassion,"No, I'm Undecided",Undecided
,,,
Texas,Compassion,"No, I'm Undecided",Undecided
,,,
Virginia,Compassion,"No, I'm Undecided",Undecided
,,,
Virginia,Compassion,"No, I'm Undecided",Undecided
,,,
Virginia,Compassion,"No, I'm Undecided",Undecided
,,,
Virginia,Compassion,"No, I'm Undecided",Undecided
,,,
Alabama,Parent,"No, I'm Undecided",Undecided
,,,
Alaska,Parent,"No, I'm Undecided",Undecided
,,,
Arkansas,Parent,"No, I'm Undecided",Undecided
,,,
Arkansas,Parent,"No, I'm Undecided",Undecided
,,,
Arkansas,Parent,"No, I'm Undecided",Undecided
,,,
Florida,Parent,"No, I'm Undecided",Undecided
,,,
Florida,Parent,"No, I'm Undecided",Undecided
,,,
Florida,Parent,"No, I'm Undecided",Undecided
,,,
Florida,Parent,"No, I'm Undecided",Undecided
,,,
Louisiana,Parent,"No, I'm Undecided",Undecided
,,,
Louisiana,Parent,"No, I'm Undecided",Undecided
,,,
Louisiana,Parent,"No, I'm Undecided",Undecided
,,,
Maine,Parent,"No, I'm Undecided",Undecided
,,,
Mississippi,Parent,"No, I'm Undecided",Undecided
,,,
Mississippi,Parent,"No, I'm Undecided",Undecided
,,,
Mississippi,Parent,"No, I'm Undecided",Undecided
,,,
Nevada,Parent,"No, I'm Undecided",Undecided
,,,
North Carolina,Parent,"No, I'm Undecided",Undecided
,,,
Oklahoma,Parent,"No, I'm Undecided",Undecided
,,,
Oklahoma,Parent,"No, I'm Undecided",Undecided
,,,
Oklahoma,Parent,"No, I'm Undecided",Undecided
,,,
South Carolina,Parent,"No, I'm Undecided",Undecided
,,,
South Carolina,Parent,"No, I'm Undecided",Undecided
,,,
South Carolina,Parent,"No, I'm Undecided",Undecided
,,,
Texas,Parent,"No, I'm Undecided",Undecided
,,,
Texas,Parent,"No, I'm Undecided",Undecided
,,,
Texas,Parent,"No, I'm Undecided",Undecided
,,,
Texas,Parent,"No, I'm Undecided",Undecided
,,,
Texas,Parent,"No, I'm Undecided",Undecided
,,,
Texas,Parent,"No, I'm Undecided",Undecided
,,,
Texas,Parent,"No, I'm Undecided",Undecided
,,,
Virginia,Parent,"No, I'm Undecided",Undecided
,,,
Washington,Parent,"No, I'm Undecided",Undecided
,,,
Alabama,Perseverance,"No, I'm Undecided",Undecided
,,,
Alabama,Perseverance,"No, I'm Undecided",Undecided
,,,
Alabama,Perseverance,"No, I'm Undecided",Undecided
,,,
Alabama,Perseverance,"No, I'm Undecided",Undecided
,,,
Alabama,Perseverance,"No, I'm Undecided",Undecided
,,,
Alabama,Perseverance,"No, I'm Undecided",Undecided
,,,
Alabama,Perseverance,"No, I'm Undecided",Undecided
,,,
Alabama,Perseverance,"No, I'm Undecided",Undecided
,,,
Alabama,Perseverance,"No, I'm Undecided",Undecided
,,,
Alabama,Perseverance,"No, I'm Undecided",Undecided
,,,
Alabama,Perseverance,"No, I'm Undecided",Undecided
,,,
Alaska,Perseverance,"No, I'm Undecided",Undecided
,,,
Arizona,Perseverance,"No, I'm Undecided",Undecided
,,,
Arkansas,Perseverance,"No, I'm Undecided",Undecided
,,,
Arkansas,Perseverance,"No, I'm Undecided",Undecided
,,,
Arkansas,Perseverance,"No, I'm Undecided",Undecided
,,,
Arkansas,Perseverance,"No, I'm Undecided",Undecided
,,,
Colorado,Perseverance,"No, I'm Undecided",Undecided
,,,
Connecticut,Perseverance,"No, I'm Undecided",Undecided
,,,
Florida,Perseverance,"No, I'm Undecided",Undecided
,,,
Florida,Perseverance,"No, I'm Undecided",Undecided
,,,
Florida,Perseverance,"No, I'm Undecided",Undecided
,,,
Florida,Perseverance,"No, I'm Undecided",Undecided
,,,
Florida,Perseverance,"No, I'm Undecided",Undecided
,,,
Florida,Perseverance,"No, I'm Undecided",Undecided
,,,
Florida,Perseverance,"No, I'm Undecided",Undecided
,,,
Florida,Perseverance,"No, I'm Undecided",Undecided
,,,
Florida,Perseverance,"No, I'm Undecided",Undecided
,,,
Florida,Perseverance,"No, I'm Undecided",Undecided
,,,
Florida,Perseverance,"No, I'm Undecided",Undecided
,,,
Florida,Perseverance,"No, I'm Undecided",Undecided
,,,
Florida,Perseverance,"No, I'm Undecided",Undecided
,,,
Florida,Perseverance,"No, I'm Undecided",Undecided
,,,
Florida,Perseverance,"No, I'm Undecided",Undecided
,,,
Florida,Perseverance,"No, I'm Undecided",Undecided
,,,
Florida,Perseverance,"No, I'm Undecided",Undecided
,,,
Florida,Perseverance,"No, I'm Undecided",Undecided
,,,
Florida,Perseverance,"No, I'm Undecided",Undecided
,,,
Florida,Perseverance,"No, I'm Undecided",Undecided
,,,
Florida,Perseverance,"No, I'm Undecided",Undecided
,,,
Florida,Perseverance,"No, I'm Undecided",Undecided
,,,
Florida,Perseverance,"No, I'm Undecided",Undecided
,,,
Florida,Perseverance,"No, I'm Undecided",Undecided
,,,
Florida,Perseverance,"No, I'm Undecided",Undecided
,,,
Florida,Perseverance,"No, I'm Undecided",Undecided
,,,
Florida,Perseverance,"No, I'm Undecided",Undecided
,,,
Florida,Perseverance,"No, I'm Undecided",Undecided
,,,
Florida,Perseverance,"No, I'm Undecided",Undecided
,,,
Florida,Perseverance,"No, I'm Undecided",Undecided
,,,
Florida,Perseverance,"No, I'm Undecided",Undecided
,,,
Florida,Perseverance,"No, I'm Undecided",Undecided
,,,
Florida,Perseverance,"No, I'm Undecided",Undecided
,,,
Florida,Perseverance,"No, I'm Undecided",Undecided
,,,
Florida,Perseverance,"No, I'm Undecided",Undecided
,,,
Florida,Perseverance,"No, I'm Undecided",Undecided
,,,
Florida,Perseverance,"No, I'm Undecided",Undecided
,,,
Georgia,Perseverance,"No, I'm Undecided",Undecided
,,,
Georgia,Perseverance,"No, I'm Undecided",Undecided
,,,
Georgia,Perseverance,"No, I'm Undecided",Undecided
,,,
Georgia,Perseverance,"No, I'm Undecided",Undecided
,,,
Georgia,Perseverance,"No, I'm Undecided",Undecided
,,,
Georgia,Perseverance,"No, I'm Undecided",Undecided
,,,
Georgia,Perseverance,"No, I'm Undecided",Undecided
,,,
Georgia,Perseverance,"No, I'm Undecided",Undecided
,,,
Georgia,Perseverance,"No, I'm Undecided",Undecided
,,,
Georgia,Perseverance,"No, I'm Undecided",Undecided
,,,
Georgia,Perseverance,"No, I'm Undecided",Undecided
,,,
Georgia,Perseverance,"No, I'm Undecided",Undecided
,,,
Georgia,Perseverance,"No, I'm Undecided",Undecided
,,,
Georgia,Perseverance,"No, I'm Undecided",Undecided
,,,
Georgia,Perseverance,"No, I'm Undecided",Undecided
,,,
Georgia,Perseverance,"No, I'm Undecided",Undecided
,,,
Georgia,Perseverance,"No, I'm Undecided",Undecided
,,,
Georgia,Perseverance,"No, I'm Undecided",Undecided
,,,
Georgia,Perseverance,"No, I'm Undecided",Undecided
,,,
Illinois,Perseverance,"No, I'm Undecided",Undecided
,,,
Illinois,Perseverance,"No, I'm Undecided",Undecided
,,,
Illinois,Perseverance,"No, I'm Undecided",Undecided
,,,
Illinois,Perseverance,"No, I'm Undecided",Undecided
,,,
Illinois,Perseverance,"No, I'm Undecided",Undecided
,,,
Indiana,Perseverance,"No, I'm Undecided",Undecided
,,,
Iowa,Perseverance,"No, I'm Undecided",Undecided
,,,
Kansas,Perseverance,"No, I'm Undecided",Undecided
,,,
Kansas,Perseverance,"No, I'm Undecided",Undecided
,,,
Kansas,Perseverance,"No, I'm Undecided",Undecided
,,,
Louisiana,Perseverance,"No, I'm Undecided",Undecided
,,,
Louisiana,Perseverance,"No, I'm Undecided",Undecided
,,,
Louisiana,Perseverance,"No, I'm Undecided",Undecided
,,,
Louisiana,Perseverance,"No, I'm Undecided",Undecided
,,,
Louisiana,Perseverance,"No, I'm Undecided",Undecided
,,,
Louisiana,Perseverance,"No, I'm Undecided",Undecided
,,,
Louisiana,Perseverance,"No, I'm Undecided",Undecided
,,,
Louisiana,Perseverance,"No, I'm Undecided",Undecided
,,,
Louisiana,Perseverance,"No, I'm Undecided",Undecided
,,,
Louisiana,Perseverance,"No, I'm Undecided",Undecided
,,,
Louisiana,Perseverance,"No, I'm Undecided",Undecided
,,,
Louisiana,Perseverance,"No, I'm Undecided",Undecided
,,,
Louisiana,Perseverance,"No, I'm Undecided",Undecided
,,,
Louisiana,Perseverance,"No, I'm Undecided",Undecided
,,,
Louisiana,Perseverance,"No, I'm Undecided",Undecided
,,,
Maine,Perseverance,"No, I'm Undecided",Undecided
,,,
Maine,Perseverance,"No, I'm Undecided",Undecided
,,,
Maryland,Perseverance,"No, I'm Undecided",Undecided
,,,
Massachusetts,Perseverance,"No, I'm Undecided",Undecided
,,,
Michigan,Perseverance,"No, I'm Undecided",Undecided
,,,
Michigan,Perseverance,"No, I'm Undecided",Undecided
,,,
Mississippi,Perseverance,"No, I'm Undecided",Undecided
,,,
Mississippi,Perseverance,"No, I'm Undecided",Undecided
,,,
Mississippi,Perseverance,"No, I'm Undecided",Undecided
,,,
Mississippi,Perseverance,"No, I'm Undecided",Undecided
,,,
Mississippi,Perseverance,"No, I'm Undecided",Undecided
,,,
Mississippi,Perseverance,"No, I'm Undecided",Undecided
,,,
Mississippi,Perseverance,"No, I'm Undecided",Undecided
,,,
Mississippi,Perseverance,"No, I'm Undecided",Undecided
,,,
Mississippi,Perseverance,"No, I'm Undecided",Undecided
,,,
Mississippi,Perseverance,"No, I'm Undecided",Undecided
,,,
Mississippi,Perseverance,"No, I'm Undecided",Undecided
,,,
Mississippi,Perseverance,"No, I'm Undecided",Undecided
,,,
Mississippi,Perseverance,"No, I'm Undecided",Undecided
,,,
Mississippi,Perseverance,"No, I'm Undecided",Undecided
,,,
Missouri,Perseverance,"No, I'm Undecided",Undecided
,,,
Montana,Perseverance,"No, I'm Undecided",Undecided
,,,
Nebraska,Perseverance,"No, I'm Undecided",Undecided
,,,
Nebraska,Perseverance,"No, I'm Undecided",Undecided
,,,
Nebraska,Perseverance,"No, I'm Undecided",Undecided
,,,
Nebraska,Perseverance,"No, I'm Undecided",Undecided
,,,
New York,Perseverance,"No, I'm Undecided",Undecided
,,,
North Carolina,Perseverance,"No, I'm Undecided",Undecided
,,,
North Carolina,Perseverance,"No, I'm Undecided",Undecided
,,,
North Carolina,Perseverance,"No, I'm Undecided",Undecided
,,,
North Carolina,Perseverance,"No, I'm Undecided",Undecided
,,,
North Carolina,Perseverance,"No, I'm Undecided",Undecided
,,,
North Carolina,Perseverance,"No, I'm Undecided",Undecided
,,,
North Carolina,Perseverance,"No, I'm Undecided",Undecided
,,,
North Carolina,Perseverance,"No, I'm Undecided",Undecided
,,,
North Carolina,Perseverance,"No, I'm Undecided",Undecided
,,,
North Carolina,Perseverance,"No, I'm Undecided",Undecided
,,,
Ohio,Perseverance,"No, I'm Undecided",Undecided
,,,
Ohio,Perseverance,"No, I'm Undecided",Undecided
,,,
Ohio,Perseverance,"No, I'm Undecided",Undecided
,,,
Ohio,Perseverance,"No, I'm Undecided",Undecided
,,,
Ohio,Perseverance,"No, I'm Undecided",Undecided
,,,
Oklahoma,Perseverance,"No, I'm Undecided",Undecided
,,,
Oklahoma,Perseverance,"No, I'm Undecided",Undecided
,,,
Oklahoma,Perseverance,"No, I'm Undecided",Undecided
,,,
Oklahoma,Perseverance,"No, I'm Undecided",Undecided
,,,
Oklahoma,Perseverance,"No, I'm Undecided",Undecided
,,,
Oklahoma,Perseverance,"No, I'm Undecided",Undecided
,,,
Oklahoma,Perseverance,"No, I'm Undecided",Undecided
,,,
Oklahoma,Perseverance,"No, I'm Undecided",Undecided
,,,
Oklahoma,Perseverance,"No, I'm Undecided",Undecided
,,,
Oregon,Perseverance,"No, I'm Undecided",Undecided
,,,
Oregon,Perseverance,"No, I'm Undecided",Undecided
,,,
Oregon,Perseverance,"No, I'm Undecided",Undecided
,,,
Oregon,Perseverance,"No, I'm Undecided",Undecided
,,,
Oregon,Perseverance,"No, I'm Undecided",Undecided
,,,
Oregon,Perseverance,"No, I'm Undecided",Undecided
,,,
South Carolina,Perseverance,"No, I'm Undecided",Undecided
,,,
South Carolina,Perseverance,"No, I'm Undecided",Undecided
,,,
South Carolina,Perseverance,"No, I'm Undecided",Undecided
,,,
South Carolina,Perseverance,"No, I'm Undecided",Undecided
,,,
South Carolina,Perseverance,"No, I'm Undecided",Undecided
,,,
South Carolina,Perseverance,"No, I'm Undecided",Undecided
,,,
South Carolina,Perseverance,"No, I'm Undecided",Undecided
,,,
South Carolina,Perseverance,"No, I'm Undecided",Undecided
,,,
South Carolina,Perseverance,"No, I'm Undecided",Undecided
,,,
South Carolina,Perseverance,"No, I'm Undecided",Undecided
,,,
Tennessee,Perseverance,"No, I'm Undecided",Undecided
,,,
Tennessee,Perseverance,"No, I'm Undecided",Undecided
,,,
Tennessee,Perseverance,"No, I'm Undecided",Undecided
,,,
Tennessee,Perseverance,"No, I'm Undecided",Undecided
,,,
Tennessee,Perseverance,"No, I'm Undecided",Undecided
,,,
Tennessee,Perseverance,"No, I'm Undecided",Undecided
,,,
Tennessee,Perseverance,"No, I'm Undecided",Undecided
,,,
Tennessee,Perseverance,"No, I'm Undecided",Undecided
,,,
Tennessee,Perseverance,"No, I'm Undecided",Undecided
,,,
Tennessee,Perseverance,"No, I'm Undecided",Undecided
,,,
Tennessee,Perseverance,"No, I'm Undecided",Undecided
,,,
Tennessee,Perseverance,"No, I'm Undecided",Undecided
,,,
Tennessee,Perseverance,"No, I'm Undecided",Undecided
,,,
Tennessee,Perseverance,"No, I'm Undecided",Undecided
,,,
Texas,Perseverance,"No, I'm Undecided",Undecided
,,,
Texas,Perseverance,"No, I'm Undecided",Undecided
,,,
Texas,Perseverance,"No, I'm Undecided",Undecided
,,,
Texas,Perseverance,"No, I'm Undecided",Undecided
,,,
Texas,Perseverance,"No, I'm Undecided",Undecided
,,,
Texas,Perseverance,"No, I'm Undecided",Undecided
,,,
Texas,Perseverance,"No, I'm Undecided",Undecided
,,,
Texas,Perseverance,"No, I'm Undecided",Undecided
,,,
Texas,Perseverance,"No, I'm Undecided",Undecided
,,,
Texas,Perseverance,"No, I'm Undecided",Undecided
,,,
Texas,Perseverance,"No, I'm Undecided",Undecided
,,,
Texas,Perseverance,"No, I'm Undecided",Undecided
,,,
Texas,Perseverance,"No, I'm Undecided",Undecided
,,,
Texas,Perseverance,"No, I'm Undecided",Undecided
,,,
Texas,Perseverance,"No, I'm Undecided",Undecided
,,,
Texas,Perseverance,"No, I'm Undecided",Undecided
,,,
Texas,Perseverance,"No, I'm Undecided",Undecided
,,,
Texas,Perseverance,"No, I'm Undecided",Undecided
,,,
Texas,Perseverance,"No, I'm Undecided",Undecided
,,,
Texas,Perseverance,"No, I'm Undecided",Undecided
,,,
Texas,Perseverance,"No, I'm Undecided",Undecided
,,,
Texas,Perseverance,"No, I'm Undecided",Undecided
,,,
Texas,Perseverance,"No, I'm Undecided",Undecided
,,,
Texas,Perseverance,"No, I'm Undecided",Undecided
,,,
Texas,Perseverance,"No, I'm Undecided",Undecided
,,,
Texas,Perseverance,"No, I'm Undecided",Undecided
,,,
Virginia,Perseverance,"No, I'm Undecided",Undecided
,,,
Virginia,Perseverance,"No, I'm Undecided",Undecided
,,,
Virginia,Perseverance,"No, I'm Undecided",Undecided
,,,
Virginia,Perseverance,"No, I'm Undecided",Undecided
,,,
Virginia,Perseverance,"No, I'm Undecided",Undecided
,,,
Virginia,Perseverance,"No, I'm Undecided",Undecided
,,,
Virginia,Perseverance,"No, I'm Undecided",Undecided
,,,
Virginia,Perseverance,"No, I'm Undecided",Undecided
,,,
Washington,Perseverance,"No, I'm Undecided",Undecided
,,,
Washington,Perseverance,"No, I'm Undecided",Undecided
,,,
Wisconsin,Perseverance,"No, I'm Undecided",Undecided
,,,
Alabama,Vision,"No, I'm Undecided",Undecided
,,,
Alabama,Vision,"No, I'm Undecided",Undecided
,,,
Alabama,Vision,"No, I'm Undecided",Undecided
,,,
Alabama,Vision,"No, I'm Undecided",Undecided
,,,
Alaska,Vision,"No, I'm Undecided",Undecided
,,,
Arkansas,Vision,"No, I'm Undecided",Undecided
,,,
Arkansas,Vision,"No, I'm Undecided",Undecided
,,,
Arkansas,Vision,"No, I'm Undecided",Undecided
,,,
Arkansas,Vision,"No, I'm Undecided",Undecided
,,,
Arkansas,Vision,"No, I'm Undecided",Undecided
,,,
Delaware,Vision,"No, I'm Undecided",Undecided
,,,
Delaware,Vision,"No, I'm Undecided",Undecided
,,,
Florida,Vision,"No, I'm Undecided",Undecided
,,,
Florida,Vision,"No, I'm Undecided",Undecided
,,,
Florida,Vision,"No, I'm Undecided",Undecided
,,,
Florida,Vision,"No, I'm Undecided",Undecided
,,,
Florida,Vision,"No, I'm Undecided",Undecided
,,,
Georgia,Vision,"No, I'm Undecided",Undecided
,,,
Georgia,Vision,"No, I'm Undecided",Undecided
,,,
Georgia,Vision,"No, I'm Undecided",Undecided
,,,
Georgia,Vision,"No, I'm Undecided",Undecided
,,,
Georgia,Vision,"No, I'm Undecided",Undecided
,,,
Georgia,Vision,"No, I'm Undecided",Undecided
,,,
Georgia,Vision,"No, I'm Undecided",Undecided
,,,
Georgia,Vision,"No, I'm Undecided",Undecided
,,,
Georgia,Vision,"No, I'm Undecided",Undecided
,,,
Georgia,Vision,"No, I'm Undecided",Undecided
,,,
Georgia,Vision,"No, I'm Undecided",Undecided
,,,
Illinois,Vision,"No, I'm Undecided",Undecided
,,,
Indiana,Vision,"No, I'm Undecided",Undecided
,,,
Indiana,Vision,"No, I'm Undecided",Undecided
,,,
Indiana,Vision,"No, I'm Undecided",Undecided
,,,
Indiana,Vision,"No, I'm Undecided",Undecided
,,,
Indiana,Vision,"No, I'm Undecided",Undecided
,,,
Indiana,Vision,"No, I'm Undecided",Undecided
,,,
Indiana,Vision,"No, I'm Undecided",Undecided
,,,
Kansas,Vision,"No, I'm Undecided",Undecided
,,,
Kansas,Vision,"No, I'm Undecided",Undecided
,,,
Kansas,Vision,"No, I'm Undecided",Undecided
,,,
Kansas,Vision,"No, I'm Undecided",Undecided
,,,
Kansas,Vision,"No, I'm Undecided",Undecided
,,,
Kentucky,Vision,"No, I'm Undecided",Undecided
,,,
Kentucky,Vision,"No, I'm Undecided",Undecided
,,,
Louisiana,Vision,"No, I'm Undecided",Undecided
,,,
Louisiana,Vision,"No, I'm Undecided",Undecided
,,,
Louisiana,Vision,"No, I'm Undecided",Undecided
,,,
Maine,Vision,"No, I'm Undecided",Undecided
,,,
Maine,Vision,"No, I'm Undecided",Undecided
,,,
Maryland,Vision,"No, I'm Undecided",Undecided
,,,
Michigan,Vision,"No, I'm Undecided",Undecided
,,,
Michigan,Vision,"No, I'm Undecided",Undecided
,,,
Michigan,Vision,"No, I'm Undecided",Undecided
,,,
Missouri,Vision,"No, I'm Undecided",Undecided
,,,
Nevada,Vision,"No, I'm Undecided",Undecided
,,,
New Mexico,Vision,"No, I'm Undecided",Undecided
,,,
New Mexico,Vision,"No, I'm Undecided",Undecided
,,,
New Mexico,Vision,"No, I'm Undecided",Undecided
,,,
North Carolina,Vision,"No, I'm Undecided",Undecided
,,,
North Carolina,Vision,"No, I'm Undecided",Undecided
,,,
North Carolina,Vision,"No, I'm Undecided",Undecided
,,,
North Carolina,Vision,"No, I'm Undecided",Undecided
,,,
North Carolina,Vision,"No, I'm Undecided",Undecided
,,,
Oklahoma,Vision,"No, I'm Undecided",Undecided
,,,
Oklahoma,Vision,"No, I'm Undecided",Undecided
,,,
South Carolina,Vision,"No, I'm Undecided",Undecided
,,,
South Carolina,Vision,"No, I'm Undecided",Undecided
,,,
South Carolina,Vision,"No, I'm Undecided",Undecided
,,,
South Carolina,Vision,"No, I'm Undecided",Undecided
,,,
South Carolina,Vision,"No, I'm Undecided",Undecided
,,,
South Carolina,Vision,"No, I'm Undecided",Undecided
,,,
Tennessee,Vision,"No, I'm Undecided",Undecided
,,,
Tennessee,Vision,"No, I'm Undecided",Undecided
,,,
Tennessee,Vision,"No, I'm Undecided",Undecided
,,,
Texas,Vision,"No, I'm Undecided",Undecided
,,,
Texas,Vision,"No, I'm Undecided",Undecided
,,,
Texas,Vision,"No, I'm Undecided",Undecided
,,,
Texas,Vision,"No, I'm Undecided",Undecided
,,,
Texas,Vision,"No, I'm Undecided",Undecided
,,,
Texas,Vision,"No, I'm Undecided",Undecided
,,,
Texas,Vision,"No, I'm Undecided",Undecided
,,,
Texas,Vision,"No, I'm Undecided",Undecided
,,,
Texas,Vision,"No, I'm Undecided",Undecided
,,,
Texas,Vision,"No, I'm Undecided",Undecided
,,,
Texas,Vision,"No, I'm Undecided",Undecided
,,,
Texas,Vision,"No, I'm Undecided",Undecided
,,,
Texas,Vision,"No, I'm Undecided",Undecided
,,,
Texas,Vision,"No, I'm Undecided",Undecided
,,,
Texas,Vision,"No, I'm Undecided",Undecided
,,,
Texas,Vision,"No, I'm Undecided",Undecided
,,,
Texas,Vision,"No, I'm Undecided",Undecided
,,,
Virginia,Vision,"No, I'm Undecided",Undecided
,,,
Virginia,Vision,"No, I'm Undecided",Undecided
,,,
Virginia,Vision,"No, I'm Undecided",Undecided
,,,
Virginia,Vision,"No, I'm Undecided",Undecided
,,,
Virginia,Vision,"No, I'm Undecided",Undecided
,,,
Virginia,Vision,"No, I'm Undecided",Undecided
,,,
Virginia,Vision,"No, I'm Undecided",Undecided
,,,
Virginia,Vision,"No, I'm Undecided",Undecided
,,,
Virginia,Vision,"No, I'm Undecided",Undecided
,,,
Virginia,Vision,"No, I'm Undecided",Undecided
,,,
Virginia,Vision,"No, I'm Undecided",Undecided
,,,
Washington,Vision,"No, I'm Undecided",Undecided
,,,
Georgia,,"No, I'm Undecided",Undecided
,,,
Oklahoma,,"No, I'm Undecided",Undecided
,,,
Arkansas,Parent,"No, I'm Undecided",
,,,
Maine,Perseverance,"No, I'm Undecided",
,,,
Arkansas,Vision,"No, I'm Undecided",
,,,
Texas,Vision,"No, I'm Undecided",
,,,
Texas,Vision,"No, I'm Undecided",
,,,
Florida,Compassion,"Yes, I've Decided",Truman Forehand/Grant Johnson
,,,
Missouri,Compassion,"Yes, I've Decided",Truman Forehand/Grant Johnson
,,,
Georgia,Perseverance,"Yes, I've Decided",Truman Forehand/Grant Johnson
,,,
Arkansas,Vision,"Yes, I've Decided",Truman Forehand/Grant Johnson
,,,
Arkansas,Vision,"Yes, I've Decided",Truman Forehand/Grant Johnson
,,,
Florida,Vision,"Yes, I've Decided",Truman Forehand/Grant Johnson
,,,
Florida,Vision,"Yes, I've Decided",Truman Forehand/Grant Johnson
,,,
Georgia,Vision,"Yes, I've Decided",Truman Forehand/Grant Johnson
,,,
Georgia,Vision,"Yes, I've Decided",Truman Forehand/Grant Johnson
,,,
Georgia,Vision,"Yes, I've Decided",Truman Forehand/Grant Johnson
,,,
Georgia,Vision,"Yes, I've Decided",Truman Forehand/Grant Johnson
,,,
Georgia,Vision,"Yes, I've Decided",Truman Forehand/Grant Johnson
,,,
Georgia,Vision,"Yes, I've Decided",Truman Forehand/Grant Johnson
,,,
Georgia,Vision,"Yes, I've Decided",Truman Forehand/Grant Johnson
,,,
Georgia,Vision,"Yes, I've Decided",Truman Forehand/Grant Johnson
,,,
Georgia,Vision,"Yes, I've Decided",Truman Forehand/Grant Johnson
,,,
Indiana,Vision,"Yes, I've Decided",Truman Forehand/Grant Johnson
,,,
Indiana,Vision,"Yes, I've Decided",Truman Forehand/Grant Johnson
,,,
Indiana,Vision,"Yes, I've Decided",Truman Forehand/Grant Johnson
,,,
Louisiana,Vision,"Yes, I've Decided",Truman Forehand/Grant Johnson
,,,
New Hampshire,Vision,"Yes, I've Decided",Truman Forehand/Grant Johnson
,,,
Oklahoma,Vision,"Yes, I've Decided",Truman Forehand/Grant Johnson
,,,
Oklahoma,Vision,"Yes, I've Decided",Truman Forehand/Grant Johnson
,,,
Oklahoma,Vision,"Yes, I've Decided",Truman Forehand/Grant Johnson
,,,
Oklahoma,Vision,"Yes, I've Decided",Truman Forehand/Grant Johnson
,,,
Oklahoma,Vision,"Yes, I've Decided",Truman Forehand/Grant Johnson
,,,
Oklahoma,Vision,"Yes, I've Decided",Truman Forehand/Grant Johnson
,,,
Oklahoma,Vision,"Yes, I've Decided",Truman Forehand/Grant Johnson
,,,
Oregon,Vision,"Yes, I've Decided",Truman Forehand/Grant Johnson
,,,
South Carolina,Vision,"Yes, I've Decided",Truman Forehand/Grant Johnson
,,,
South Carolina,Vision,"Yes, I've Decided",Truman Forehand/Grant Johnson
,,,
South Carolina,Vision,"Yes, I've Decided",Truman Forehand/Grant Johnson
,,,
South Carolina,Vision,"Yes, I've Decided",Truman Forehand/Grant Johnson
,,,
South Carolina,Vision,"Yes, I've Decided",Truman Forehand/Grant Johnson
,,,
South Carolina,Vision,"Yes, I've Decided",Truman Forehand/Grant Johnson
,,,
South Carolina,Vision,"Yes, I've Decided",Truman Forehand/Grant Johnson
,,,
South Carolina,Vision,"Yes, I've Decided",Truman Forehand/Grant Johnson
,,,
South Carolina,Vision,"Yes, I've Decided",Truman Forehand/Grant Johnson
,,,
Tennessee,Vision,"Yes, I've Decided",Truman Forehand/Grant Johnson
,,,
Texas,Vision,"Yes, I've Decided",Truman Forehand/Grant Johnson
,,,
Texas,Vision,"Yes, I've Decided",Truman Forehand/Grant Johnson
,,,
Virginia,Vision,"Yes, I've Decided",Truman Forehand/Grant Johnson
,,,
Virginia,Vision,"Yes, I've Decided",Truman Forehand/Grant Johnson
,,,
Arizona,Compassion,"Yes, I've Decided",Carissa Gould/Toby DeMoss
,,,
Arizona,Compassion,"Yes, I've Decided",Carissa Gould/Toby DeMoss
,,,
Florida,Compassion,"Yes, I've Decided",Carissa Gould/Toby DeMoss
,,,
Missouri,Compassion,"Yes, I've Decided",Carissa Gould/Toby DeMoss
,,,
Virginia,Compassion,"Yes, I've Decided",Carissa Gould/Toby DeMoss
,,,
Virginia,Compassion,"Yes, I've Decided",Carissa Gould/Toby DeMoss
,,,
Florida,Parent,"Yes, I've Decided",Carissa Gould/Toby DeMoss
,,,
Kansas,Parent,"Yes, I've Decided",Carissa Gould/Toby DeMoss
,,,
Kansas,Parent,"Yes, I've Decided",Carissa Gould/Toby DeMoss
,,,
Massachusetts,Parent,"Yes, I've Decided",Carissa Gould/Toby DeMoss
,,,
Oklahoma,Parent,"Yes, I've Decided",Carissa Gould/Toby DeMoss
,,,
Alabama,Perseverance,"Yes, I've Decided",Carissa Gould/Toby DeMoss
,,,
Arizona,Perseverance,"Yes, I've Decided",Carissa Gould/Toby DeMoss
,,,
Arizona,Perseverance,"Yes, I've Decided",Carissa Gould/Toby DeMoss
,,,
Arizona,Perseverance,"Yes, I've Decided",Carissa Gould/Toby DeMoss
,,,
Arizona,Perseverance,"Yes, I've Decided",Carissa Gould/Toby DeMoss
,,,
Arkansas,Perseverance,"Yes, I've Decided",Carissa Gould/Toby DeMoss
,,,
Colorado,Perseverance,"Yes, I've Decided",Carissa Gould/Toby DeMoss
,,,
Connecticut,Perseverance,"Yes, I've Decided",Carissa Gould/Toby DeMoss
,,,
Florida,Perseverance,"Yes, I've Decided",Carissa Gould/Toby DeMoss
,,,
Florida,Perseverance,"Yes, I've Decided",Carissa Gould/Toby DeMoss
,,,
Florida,Perseverance,"Yes, I've Decided",Carissa Gould/Toby DeMoss
,,,
Florida,Perseverance,"Yes, I've Decided",Carissa Gould/Toby DeMoss
,,,
Florida,Perseverance,"Yes, I've Decided",Carissa Gould/Toby DeMoss
,,,
Florida,Perseverance,"Yes, I've Decided",Carissa Gould/Toby DeMoss
,,,
Florida,Perseverance,"Yes, I've Decided",Carissa Gould/Toby DeMoss
,,,
Georgia,Perseverance,"Yes, I've Decided",Carissa Gould/Toby DeMoss
,,,
Georgia,Perseverance,"Yes, I've Decided",Carissa Gould/Toby DeMoss
,,,
Illinois,Perseverance,"Yes, I've Decided",Carissa Gould/Toby DeMoss
,,,
Kansas,Perseverance,"Yes, I've Decided",Carissa Gould/Toby DeMoss
,,,
Kansas,Perseverance,"Yes, I've Decided",Carissa Gould/Toby DeMoss
,,,
Kansas,Perseverance,"Yes, I've Decided",Carissa Gould/Toby DeMoss
,,,
Kansas,Perseverance,"Yes, I've Decided",Carissa Gould/Toby DeMoss
,,,
Kansas,Perseverance,"Yes, I've Decided",Carissa Gould/Toby DeMoss
,,,
Kansas,Perseverance,"Yes, I've Decided",Carissa Gould/Toby DeMoss
,,,
Kansas,Perseverance,"Yes, I've Decided",Carissa Gould/Toby DeMoss
,,,
Kansas,Perseverance,"Yes, I've Decided",Carissa Gould/Toby DeMoss
,,,
Maine,Perseverance,"Yes, I've Decided",Carissa Gould/Toby DeMoss
,,,
Maine,Perseverance,"Yes, I've Decided",Carissa Gould/Toby DeMoss
,,,
Massachusetts,Perseverance,"Yes, I've Decided",Carissa Gould/Toby DeMoss
,,,
Mississippi,Perseverance,"Yes, I've Decided",Carissa Gould/Toby DeMoss
,,,
Mississippi,Perseverance,"Yes, I've Decided",Carissa Gould/Toby DeMoss
,,,
Mississippi,Perseverance,"Yes, I've Decided",Carissa Gould/Toby DeMoss
,,,
Mississippi,Perseverance,"Yes, I've Decided",Carissa Gould/Toby DeMoss
,,,
Mississippi,Perseverance,"Yes, I've Decided",Carissa Gould/Toby DeMoss
,,,
Mississippi,Perseverance,"Yes, I've Decided",Carissa Gould/Toby DeMoss
,,,
Mississippi,Perseverance,"Yes, I've Decided",Carissa Gould/Toby DeMoss
,,,
Mississippi,Perseverance,"Yes, I've Decided",Carissa Gould/Toby DeMoss
,,,
Mississippi,Perseverance,"Yes, I've Decided",Carissa Gould/Toby DeMoss
,,,
Mississippi,Perseverance,"Yes, I've Decided",Carissa Gould/Toby DeMoss
,,,
Missouri,Perseverance,"Yes, I've Decided",Carissa Gould/Toby DeMoss
,,,
Missouri,Perseverance,"Yes, I've Decided",Carissa Gould/Toby DeMoss
,,,
North Carolina,Perseverance,"Yes, I've Decided",Carissa Gould/Toby DeMoss
,,,
North Carolina,Perseverance,"Yes, I've Decided",Carissa Gould/Toby DeMoss
,,,
Oklahoma,Perseverance,"Yes, I've Decided",Carissa Gould/Toby DeMoss
,,,
Oklahoma,Perseverance,"Yes, I've Decided",Carissa Gould/Toby DeMoss
,,,
Oklahoma,Perseverance,"Yes, I've Decided",Carissa Gould/Toby DeMoss
,,,
Oklahoma,Perseverance,"Yes, I've Decided",Carissa Gould/Toby DeMoss
,,,
Oklahoma,Perseverance,"Yes, I've Decided",Carissa Gould/Toby DeMoss
,,,
Oklahoma,Perseverance,"Yes, I've Decided",Carissa Gould/Toby DeMoss
,,,
Oklahoma,Perseverance,"Yes, I've Decided",Carissa Gould/Toby DeMoss
,,,
Oklahoma,Perseverance,"Yes, I've Decided",Carissa Gould/Toby DeMoss
,,,
Oregon,Perseverance,"Yes, I've Decided",Carissa Gould/Toby DeMoss
,,,
Oregon,Perseverance,"Yes, I've Decided",Carissa Gould/Toby DeMoss
,,,
Pennsylvania,Perseverance,"Yes, I've Decided",Carissa Gould/Toby DeMoss
,,,
South Carolina,Perseverance,"Yes, I've Decided",Carissa Gould/Toby DeMoss
,,,
South Carolina,Perseverance,"Yes, I've Decided",Carissa Gould/Toby DeMoss
,,,
South Carolina,Perseverance,"Yes, I've Decided",Carissa Gould/Toby DeMoss
,,,
Tennessee,Perseverance,"Yes, I've Decided",Carissa Gould/Toby DeMoss
,,,
Tennessee,Perseverance,"Yes, I've Decided",Carissa Gould/Toby DeMoss
,,,
Tennessee,Perseverance,"Yes, I've Decided",Carissa Gould/Toby DeMoss
,,,
Tennessee,Perseverance,"Yes, I've Decided",Carissa Gould/Toby DeMoss
,,,
Texas,Perseverance,"Yes, I've Decided",Carissa Gould/Toby DeMoss
,,,
Virginia,Perseverance,"Yes, I've Decided",Carissa Gould/Toby DeMoss
,,,
Virginia,Perseverance,"Yes, I've Decided",Carissa Gould/Toby DeMoss
,,,
Virginia,Perseverance,"Yes, I've Decided",Carissa Gould/Toby DeMoss
,,,
Florida,Vision,"Yes, I've Decided",Carissa Gould/Toby DeMoss
,,,
Florida,Vision,"Yes, I've Decided",Carissa Gould/Toby DeMoss
,,,
Kansas,Vision,"Yes, I've Decided",Carissa Gould/Toby DeMoss
,,,
Washington,Vision,"Yes, I've Decided",Carissa Gould/Toby DeMoss
,,,
South Dakota,,"Yes, I've Decided",Carissa Gould/Toby DeMoss
,,,
Kentucky,Parent,"Yes, I've Decided",Lyvers/Berry
,,,
Florida,Perseverance,"Yes, I've Decided",Lyvers/Berry
,,,
Kentucky,Perseverance,"Yes, I've Decided",Lyvers/Berry
,,,
Kentucky,Perseverance,"Yes, I've Decided",Lyvers/Berry
,,,
Kentucky,Perseverance,"Yes, I've Decided",Lyvers/Berry
,,,
Kentucky,Perseverance,"Yes, I've Decided",Lyvers/Berry
,,,
Louisiana,Perseverance,"Yes, I've Decided",Lyvers/Berry
,,,
Arkansas,Compassion,"Yes, I've Decided",Pettus/Matz
,,,
Kentucky,Compassion,"Yes, I've Decided",Pettus/Matz
,,,
Kentucky,Compassion,"Yes, I've Decided",Pettus/Matz
,,,
Mississippi,Compassion,"Yes, I've Decided",Pettus/Matz
,,,
Texas,Compassion,"Yes, I've Decided",Pettus/Matz
,,,
Texas,Compassion,"Yes, I've Decided",Pettus/Matz
,,,
Virginia,Compassion,"Yes, I've Decided",Pettus/Matz
,,,
Texas,Parent,"Yes, I've Decided",Pettus/Matz
,,,
Florida,Perseverance,"Yes, I've Decided",Pettus/Matz
,,,
Texas,Perseverance,"Yes, I've Decided",Pettus/Matz
,,,
Texas,Perseverance,"Yes, I've Decided",Pettus/Matz
,,,
Texas,Vision,"Yes, I've Decided",Pettus/Matz
,,,
Texas,Vision,"Yes, I've Decided",Pettus/Matz
,,,
Texas,Vision,"Yes, I've Decided",Pettus/Matz
,,,
Missouri,Parent,"Yes, I've Decided",Sodonis/Borelly
,,,
Tennessee,Parent,"Yes, I've Decided",Sodonis/Borelly
,,,
Tennessee,Parent,"Yes, I've Decided",Sodonis/Borelly
,,,
Louisiana,Perseverance,"Yes, I've Decided",Sodonis/Borelly
,,,
Louisiana,Perseverance,"Yes, I've Decided",Sodonis/Borelly
,,,
Louisiana,Perseverance,"Yes, I've Decided",Sodonis/Borelly
,,,
Louisiana,Perseverance,"Yes, I've Decided",Sodonis/Borelly
,,,
Louisiana,Perseverance,"Yes, I've Decided",Sodonis/Borelly
,,,
Texas,Perseverance,"Yes, I've Decided",Sodonis/Borelly
,,,
Florida,Vision,"Yes, I've Decided",Sodonis/Borelly
,,,
Louisiana,Vision,"Yes, I've Decided",Sodonis/Borelly
,,,
Louisiana,Vision,"Yes, I've Decided",Sodonis/Borelly
,,,
Louisiana,Vision,"Yes, I've Decided",Sodonis/Borelly
,,,
Tennessee,Vision,"Yes, I've Decided",Sodonis/Borelly
,,,
Colorado,Compassion,"Yes, I've Decided",Noah Streyle/Christa Kaufman
,,,
Georgia,Compassion,"Yes, I've Decided",Noah Streyle/Christa Kaufman
,,,
Georgia,Compassion,"Yes, I've Decided",Noah Streyle/Christa Kaufman
,,,
Illinois,Compassion,"Yes, I've Decided",Noah Streyle/Christa Kaufman
,,,
Illinois,Compassion,"Yes, I've Decided",Noah Streyle/Christa Kaufman
,,,
Ohio,Compassion,"Yes, I've Decided",Noah Streyle/Christa Kaufman
,,,
Ohio,Compassion,"Yes, I've Decided",Noah Streyle/Christa Kaufman
,,,
Wyoming,Compassion,"Yes, I've Decided",Noah Streyle/Christa Kaufman
,,,
Wyoming,Compassion,"Yes, I've Decided",Noah Streyle/Christa Kaufman
,,,
Colorado,Perseverance,"Yes, I've Decided",Noah Streyle/Christa Kaufman
,,,
South Carolina,Perseverance,"Yes, I've Decided",Noah Streyle/Christa Kaufman
,,,
Florida,Vision,"Yes, I've Decided",Noah Streyle/Christa Kaufman
,,,
Florida,Vision,"Yes, I've Decided",Noah Streyle/Christa Kaufman
,,,
North Carolina,Vision,"Yes, I've Decided",Noah Streyle/Christa Kaufman
,,,
Tennessee,Vision,"Yes, I've Decided",Noah Streyle/Christa Kaufman
,,,
Indiana,Compassion,"Yes, I've Decided",Tangel/Usee
,,,
New York,Compassion,"Yes, I've Decided",Tangel/Usee
,,,
New York,Compassion,"Yes, I've Decided",Tangel/Usee
,,,
New York,Compassion,"Yes, I've Decided",Tangel/Usee
,,,
New York,Compassion,"Yes, I've Decided",Tangel/Usee
,,,
New York,Compassion,"Yes, I've Decided",Tangel/Usee
,,,
New York,Compassion,"Yes, I've Decided",Tangel/Usee
,,,
Virginia,Compassion,"Yes, I've Decided",Tangel/Usee
,,,
New York,Perseverance,"Yes, I've Decided",Tangel/Usee
,,,
New York,Perseverance,"Yes, I've Decided",Tangel/Usee
,,,
Indiana,Vision,"Yes, I've Decided",Tangel/Usee
,,,
New York,Vision,"Yes, I've Decided",Tangel/Usee
,,,
Ohio,Compassion,"Yes, I've Decided",Undecided
,,,
Texas,Compassion,"Yes, I've Decided",Undecided
,,,
Kansas,Parent,"Yes, I've Decided",Undecided
,,,
Louisiana,Compassion,"Yes, I've Decided",Wypszinski/Sullivan
,,,
Alabama,Perseverance,"Yes, I've Decided",Wypszinski/Sullivan
,,,
Florida,Perseverance,"Yes, I've Decided",Wypszinski/Sullivan
,,,
Florida,Perseverance,"Yes, I've Decided",Wypszinski/Sullivan
,,,
Florida,Perseverance,"Yes, I've Decided",Wypszinski/Sullivan
,,,
Florida,Perseverance,"Yes, I've Decided",Wypszinski/Sullivan
,,,
Florida,Perseverance,"Yes, I've Decided",Wypszinski/Sullivan
,,,
Louisiana,Perseverance,"Yes, I've Decided",Wypszinski/Sullivan
,,,
Louisiana,Perseverance,"Yes, I've Decided",Wypszinski/Sullivan
,,,
Louisiana,Perseverance,"Yes, I've Decided",Wypszinski/Sullivan
,,,
Louisiana,Perseverance,"Yes, I've Decided",Wypszinski/Sullivan
,,,
Louisiana,Perseverance,"Yes, I've Decided",Wypszinski/Sullivan
,,,
Louisiana,Perseverance,"Yes, I've Decided",Wypszinski/Sullivan
,,,
Louisiana,Perseverance,"Yes, I've Decided",Wypszinski/Sullivan
,,,
Montana,Perseverance,"Yes, I've Decided",Wypszinski/Sullivan
,,,
Florida,Vision,"Yes, I've Decided",Wypszinski/Sullivan
,,,
Florida,Perseverance,,Carissa Gould/Toby DeMoss
,,,
Texas,Vision,,Undecided
,,,
Texas,Perseverance,,
,,,
,,,
,,,
,,,
,,,
,TOTAL PARTY,,
,,,
80,45,,
,,,
80,176,,
,,,
47,339,,
,,,
20,102,,
,,,
44,,,
,,,
33,7%,,
,,,
,26%,,
,,,
,51%,,
,,,
,15%,,
,,,
,,,
,,,
,0%,,
,,,
,30%,,
,,,
,53%,,
,,,
,17%,,